,index,Rk,Player,Nation,Pos,Squad,Age,Born,MP,Starts,Min,90s,Gls,Ast,G+A,G-PK,PK,PKatt,CrdY,CrdR,xG,npxG,xAG,npxG+xAG,Progressive Carries,Progressive Passes,PrgR,Gls per 90,Ast per 90,G+A per 90,G-PK per 90,G+A-PK per 90,xG per 90,xAG per 90,xG+xAG,npxG per 90,npxG+xAG per 90,season_years
0,99,100,Aaron Cresswell,ENG,DF,West Ham,33.0,1989.0,2.0,1.0,85.0,0.9,0.0,0.0,0.0,0.0,0.0,0.0,0.0,0.0,0.0,0.0,0.1,0.1,1.0,8.0,1.0,0.0,0.0,0.0,0.0,0.0,0.0,0.11,0.11,0.0,0.11,2023-2024
1,197,198,Aaron Hickey,SCO,DF,Brentford,21.0,2002.0,9.0,9.0,713.0,7.9,0.0,0.0,0.0,0.0,0.0,0.0,5.0,0.0,0.2,0.2,0.1,0.3,9.0,21.0,13.0,0.0,0.0,0.0,0.0,0.0,0.03,0.01,0.04,0.03,0.04,2023-2024
2,370,371,Aaron Ramsdale,ENG,GK,Arsenal,25.0,1998.0,5.0,5.0,450.0,5.0,0.0,0.0,0.0,0.0,0.0,0.0,0.0,0.0,0.0,0.0,0.0,0.0,0.0,2.0,0.0,0.0,0.0,0.0,0.0,0.0,0.0,0.0,0.0,0.0,0.0,2023-2024
3,371,372,Aaron Ramsey,ENG,MF,Burnley,20.0,2003.0,7.0,2.0,237.0,2.6,0.0,0.0,0.0,0.0,0.0,0.0,0.0,0.0,0.1,0.1,0.4,0.5,8.0,5.0,10.0,0.0,0.0,0.0,0.0,0.0,0.04,0.15,0.19,0.04,0.19,2023-2024
4,469,470,Aaron Wan-Bissaka,ENG,DF,Manchester Utd,26.0,1997.0,8.0,6.0,525.0,5.8,0.0,1.0,1.0,0.0,0.0,0.0,2.0,0.0,0.0,0.0,1.1,1.2,12.0,24.0,13.0,0.0,0.17,0.17,0.0,0.17,0.01,0.19,0.2,0.01,0.2,2023-2024
5,131,132,Abdoulaye Doucoure,MLI,MF,Everton,30.0,1993.0,14.0,14.0,1215.0,13.5,4.0,0.0,4.0,4.0,0.0,0.0,4.0,0.0,4.4,4.4,2.0,6.4,30.0,41.0,78.0,0.3,0.0,0.3,0.3,0.3,0.32,0.15,0.47,0.32,0.47,2023-2024
6,246,247,Adam Lallana,ENG,MF,Brighton,35.0,1988.0,9.0,6.0,363.0,4.0,0.0,1.0,1.0,0.0,0.0,0.0,1.0,0.0,0.1,0.1,0.5,0.6,1.0,14.0,27.0,0.0,0.25,0.25,0.0,0.25,0.01,0.13,0.14,0.01,0.14,2023-2024
7,419,420,Adam Smith,ENG,DF,Bournemouth,32.0,1991.0,7.0,4.0,392.0,4.4,0.0,1.0,1.0,0.0,0.0,0.0,0.0,0.0,0.0,0.0,0.5,0.5,6.0,20.0,4.0,0.0,0.23,0.23,0.0,0.23,0.0,0.11,0.11,0.0,0.11,2023-2024
8,474,475,Adam Webster,ENG,DF,Brighton,28.0,1995.0,6.0,6.0,540.0,6.0,0.0,0.0,0.0,0.0,0.0,0.0,1.0,0.0,0.2,0.2,0.0,0.2,7.0,34.0,0.0,0.0,0.0,0.0,0.0,0.0,0.04,0.0,0.04,0.04,0.04,2023-2024
9,446,447,Adama Traore,ESP,MF,Fulham,27.0,1996.0,4.0,0.0,44.0,0.5,0.0,0.0,0.0,0.0,0.0,0.0,0.0,0.0,0.2,0.2,0.0,0.2,2.0,2.0,2.0,0.0,0.0,0.0,0.0,0.0,0.42,0.0,0.42,0.42,0.42,2023-2024
10,399,400,Albert Sambi Lokonga,BEL,MF,Luton Town,24.0,1999.0,2.0,2.0,129.0,1.4,0.0,0.0,0.0,0.0,0.0,0.0,0.0,0.0,0.1,0.1,0.1,0.1,0.0,4.0,2.0,0.0,0.0,0.0,0.0,0.0,0.04,0.04,0.08,0.04,0.08,2023-2024
11,167,168,Alejandro Garnacho,ARG,MF,Manchester Utd,19.0,2004.0,13.0,7.0,654.0,7.3,1.0,1.0,2.0,1.0,0.0,0.0,2.0,0.0,2.0,1.9,1.4,3.3,56.0,20.0,77.0,0.14,0.14,0.28,0.14,0.28,0.27,0.19,0.46,0.26,0.45,2023-2024
12,459,460,Alejo Veliz,ARG,FW,Tottenham,20.0,2003.0,4.0,0.0,16.0,0.2,0.0,0.0,0.0,0.0,0.0,0.0,1.0,0.0,0.0,0.0,0.0,0.0,0.0,0.0,1.0,0.0,0.0,0.0,0.0,0.0,0.0,0.0,0.0,0.0,0.0,2023-2024
13,302,303,Aleksandar Mitrovic,SRB,FW,Fulham,29.0,1994.0,1.0,0.0,33.0,0.4,0.0,0.0,0.0,0.0,0.0,0.0,0.0,0.0,0.2,0.2,0.0,0.2,0.0,1.0,0.0,0.0,0.0,0.0,0.0,0.0,0.44,0.0,0.44,0.44,0.44,2023-2024
14,208,209,Alex Iwobi,NGA,MF,Fulham,27.0,1996.0,11.0,7.0,702.0,7.8,3.0,0.0,3.0,3.0,0.0,0.0,2.0,0.0,2.3,2.3,0.6,2.9,25.0,44.0,49.0,0.38,0.0,0.38,0.38,0.38,0.3,0.07,0.37,0.3,0.37,2023-2024
15,280,281,Alex Matos,ENG,MF,Chelsea,19.0,2004.0,1.0,0.0,1.0,0.0,0.0,0.0,0.0,0.0,0.0,0.0,0.0,0.0,0.0,0.0,0.0,0.0,0.0,0.0,0.0,0.0,0.0,0.0,0.0,0.0,0.0,0.0,0.0,0.0,0.0,2023-2024
16,314,315,Alex Murphy,IRL,DF,Newcastle Utd,19.0,2004.0,1.0,0.0,4.0,0.0,0.0,0.0,0.0,0.0,0.0,0.0,0.0,0.0,0.0,0.0,0.0,0.0,0.0,0.0,0.0,0.0,0.0,0.0,0.0,0.0,0.0,0.0,0.0,0.0,0.0,2023-2024
17,409,410,Alex Scott,ENG,MF,Bournemouth,20.0,2003.0,3.0,3.0,189.0,2.1,0.0,0.0,0.0,0.0,0.0,0.0,1.0,0.0,0.1,0.1,0.1,0.2,5.0,7.0,2.0,0.0,0.0,0.0,0.0,0.0,0.03,0.04,0.07,0.03,0.07,2023-2024
18,206,207,Alexander Isak,SWE,FW,Newcastle Utd,24.0,1999.0,10.0,8.0,662.0,7.4,7.0,0.0,7.0,6.0,1.0,1.0,0.0,0.0,6.4,5.6,0.5,6.1,18.0,16.0,35.0,0.95,0.0,0.95,0.82,0.82,0.87,0.07,0.94,0.76,0.83,2023-2024
19,265,266,Alexis Mac Allister,ARG,MF,Liverpool,24.0,1998.0,14.0,14.0,1086.0,12.1,1.0,1.0,2.0,1.0,0.0,0.0,5.0,1.0,0.2,0.2,0.4,0.6,15.0,79.0,8.0,0.08,0.08,0.17,0.08,0.17,0.02,0.03,0.05,0.02,0.05,2023-2024
20,133,134,Alfie Doughty,ENG,DF,Luton Town,23.0,1999.0,14.0,11.0,970.0,10.8,0.0,3.0,3.0,0.0,0.0,0.0,1.0,0.0,0.2,0.2,2.1,2.3,29.0,39.0,50.0,0.0,0.28,0.28,0.0,0.28,0.02,0.2,0.22,0.02,0.22,2023-2024
21,14,15,Alisson,BRA,GK,Liverpool,31.0,1992.0,13.0,13.0,1170.0,13.0,0.0,0.0,0.0,0.0,0.0,0.0,1.0,0.0,0.0,0.0,0.0,0.0,0.0,1.0,0.0,0.0,0.0,0.0,0.0,0.0,0.0,0.0,0.0,0.0,0.0,2023-2024
22,27,28,Alphonse Areola,FRA,GK,West Ham,30.0,1993.0,14.0,14.0,1260.0,14.0,0.0,0.0,0.0,0.0,0.0,0.0,0.0,0.0,0.0,0.0,0.0,0.0,0.0,1.0,0.0,0.0,0.0,0.0,0.0,0.0,0.0,0.0,0.0,0.0,0.0,2023-2024
23,117,118,Amadou Diallo,ENG,MF,Newcastle Utd,20.0,2003.0,1.0,0.0,1.0,0.0,0.0,0.0,0.0,0.0,0.0,0.0,0.0,0.0,0.0,0.0,0.0,0.0,0.0,0.0,0.0,0.0,0.0,0.0,0.0,0.0,0.0,0.0,0.0,0.0,0.0,2023-2024
24,337,338,Amadou Onana,BEL,MF,Everton,22.0,2001.0,11.0,11.0,920.0,10.2,0.0,0.0,0.0,0.0,0.0,0.0,1.0,0.0,1.1,1.1,2.3,3.4,9.0,51.0,25.0,0.0,0.0,0.0,0.0,0.0,0.11,0.22,0.33,0.11,0.33,2023-2024
25,42,43,Amari'i Bell,JAM,DF,Luton Town,29.0,1994.0,10.0,10.0,830.0,9.2,0.0,0.0,0.0,0.0,0.0,0.0,0.0,0.0,0.3,0.3,0.3,0.6,11.0,25.0,5.0,0.0,0.0,0.0,0.0,0.0,0.03,0.04,0.06,0.03,0.06,2023-2024
26,104,105,Ameen Al-Dakhil,BEL,DF,Burnley,21.0,2002.0,10.0,10.0,855.0,9.5,0.0,0.0,0.0,0.0,0.0,0.0,1.0,0.0,0.2,0.2,0.1,0.3,6.0,29.0,2.0,0.0,0.0,0.0,0.0,0.0,0.02,0.01,0.03,0.02,0.03,2023-2024
27,491,492,Anass Zaroury,MAR,MF,Burnley,23.0,2000.0,5.0,1.0,137.0,1.5,0.0,0.0,0.0,0.0,0.0,0.0,0.0,1.0,0.2,0.2,0.0,0.2,1.0,2.0,12.0,0.0,0.0,0.0,0.0,0.0,0.11,0.03,0.13,0.11,0.13,2023-2024
28,64,65,Andre Brooks,ENG,MF,Sheffield Utd,20.0,2003.0,3.0,1.0,94.0,1.0,0.0,0.0,0.0,0.0,0.0,0.0,0.0,0.0,0.0,0.0,0.0,0.0,0.0,0.0,2.0,0.0,0.0,0.0,0.0,0.0,0.0,0.0,0.0,0.0,0.0,2023-2024
29,359,360,Andreas Pereira,BRA,MF,Fulham,27.0,1996.0,15.0,13.0,1007.0,11.2,1.0,3.0,4.0,1.0,0.0,0.0,2.0,0.0,1.0,1.0,2.7,3.8,17.0,40.0,49.0,0.09,0.27,0.36,0.09,0.36,0.09,0.24,0.34,0.09,0.34,2023-2024
30,386,387,Andrew Robertson,SCO,DF,Liverpool,29.0,1994.0,8.0,8.0,720.0,8.0,1.0,0.0,1.0,1.0,0.0,0.0,1.0,0.0,0.5,0.5,1.0,1.5,19.0,49.0,30.0,0.12,0.0,0.12,0.12,0.12,0.06,0.13,0.19,0.06,0.19,2023-2024
31,404,405,Andrey Santos,BRA,MF,Nott'ham Forest,19.0,2004.0,1.0,0.0,8.0,0.1,0.0,0.0,0.0,0.0,0.0,0.0,0.0,0.0,0.1,0.1,0.0,0.1,0.0,0.0,0.0,0.0,0.0,0.0,0.0,0.0,0.64,0.0,0.64,0.64,0.64,2023-2024
32,444,445,Andros Townsend,ENG,MF,Luton Town,32.0,1991.0,7.0,4.0,325.0,3.6,0.0,1.0,1.0,0.0,0.0,0.0,0.0,0.0,0.1,0.1,0.2,0.3,7.0,8.0,15.0,0.0,0.28,0.28,0.0,0.28,0.04,0.05,0.09,0.04,0.09,2023-2024
33,338,339,Andre Onana,CMR,GK,Manchester Utd,27.0,1996.0,15.0,15.0,1350.0,15.0,0.0,0.0,0.0,0.0,0.0,0.0,3.0,0.0,0.0,0.0,0.0,0.0,1.0,3.0,0.0,0.0,0.0,0.0,0.0,0.0,0.0,0.0,0.0,0.0,0.0,2023-2024
34,7,8,Anel Ahmedhodzic,BIH,DF,Sheffield Utd,24.0,1999.0,11.0,10.0,945.0,10.5,0.0,0.0,0.0,0.0,0.0,0.0,4.0,0.0,0.9,0.9,0.0,0.9,3.0,12.0,13.0,0.0,0.0,0.0,0.0,0.0,0.08,0.0,0.08,0.08,0.08,2023-2024
35,333,334,Angelo Ogbonna,ITA,DF,West Ham,35.0,1988.0,3.0,1.0,113.0,1.3,0.0,0.0,0.0,0.0,0.0,0.0,0.0,0.0,0.0,0.0,0.0,0.0,0.0,1.0,0.0,0.0,0.0,0.0,0.0,0.0,0.0,0.0,0.0,0.0,0.0,2023-2024
36,44,45,Anis Ben Slimane,TUN,MF,Sheffield Utd,22.0,2001.0,5.0,1.0,112.0,1.2,0.0,0.0,0.0,0.0,0.0,0.0,2.0,0.0,0.1,0.1,0.0,0.1,0.0,6.0,9.0,0.0,0.0,0.0,0.0,0.0,0.1,0.0,0.1,0.1,0.1,2023-2024
37,152,153,Ansu Fati,ESP,MF,Brighton,21.0,2002.0,9.0,2.0,290.0,3.2,2.0,0.0,2.0,2.0,0.0,0.0,1.0,0.0,2.7,2.7,0.5,3.1,9.0,21.0,23.0,0.62,0.0,0.62,0.62,0.62,0.82,0.15,0.97,0.82,0.97,2023-2024
38,143,144,Anthony Elanga,SWE,MF,Nott'ham Forest,21.0,2002.0,15.0,9.0,925.0,10.3,3.0,3.0,6.0,3.0,0.0,0.0,1.0,0.0,1.5,1.5,2.3,3.8,47.0,18.0,84.0,0.29,0.29,0.58,0.29,0.58,0.15,0.22,0.37,0.15,0.37,2023-2024
39,178,179,Anthony Gordon,ENG,MF,Newcastle Utd,22.0,2001.0,13.0,12.0,1059.0,11.8,6.0,3.0,9.0,6.0,0.0,0.0,6.0,0.0,4.2,4.2,2.0,6.2,44.0,35.0,86.0,0.51,0.25,0.76,0.51,0.76,0.36,0.17,0.53,0.36,0.53,2023-2024
40,273,274,Anthony Martial,FRA,FW,Manchester Utd,28.0,1995.0,12.0,4.0,393.0,4.4,1.0,0.0,1.0,1.0,0.0,0.0,0.0,0.0,1.2,1.2,0.2,1.4,6.0,9.0,26.0,0.23,0.0,0.23,0.23,0.23,0.27,0.04,0.31,0.27,0.31,2023-2024
41,411,412,Antoine Semenyo,GHA,FW,Bournemouth,23.0,2000.0,12.0,8.0,620.0,6.9,3.0,1.0,4.0,3.0,0.0,0.0,2.0,0.0,1.5,1.5,1.4,2.8,24.0,14.0,43.0,0.44,0.15,0.58,0.44,0.58,0.22,0.2,0.41,0.22,0.41,2023-2024
42,387,388,Antonee Robinson,USA,DF,Fulham,26.0,1997.0,14.0,14.0,1244.0,13.8,0.0,3.0,3.0,0.0,0.0,0.0,4.0,0.0,0.1,0.1,2.3,2.4,41.0,52.0,56.0,0.0,0.22,0.22,0.0,0.22,0.01,0.16,0.18,0.01,0.18,2023-2024
43,24,25,Antony,BRA,MF,Manchester Utd,23.0,2000.0,11.0,7.0,609.0,6.8,0.0,0.0,0.0,0.0,0.0,0.0,3.0,0.0,1.3,1.3,1.5,2.8,22.0,33.0,79.0,0.0,0.0,0.0,0.0,0.0,0.19,0.22,0.41,0.19,0.41,2023-2024
44,187,188,Antwoine Hackford,ENG,FW,Sheffield Utd,19.0,2004.0,2.0,0.0,13.0,0.1,0.0,0.0,0.0,0.0,0.0,0.0,0.0,0.0,0.0,0.0,0.0,0.0,0.0,0.0,0.0,0.0,0.0,0.0,0.0,0.0,0.0,0.0,0.0,0.0,0.0,2023-2024
45,63,64,Armando Broja,ALB,FW,Chelsea,22.0,2001.0,7.0,2.0,168.0,1.9,1.0,0.0,1.0,1.0,0.0,0.0,0.0,0.0,0.6,0.6,0.0,0.6,4.0,2.0,12.0,0.54,0.0,0.54,0.54,0.54,0.31,0.0,0.31,0.31,0.31,2023-2024
46,108,109,Arnaut Danjuma,NED,MF,Everton,26.0,1997.0,9.0,3.0,391.0,4.3,1.0,0.0,1.0,1.0,0.0,0.0,0.0,0.0,1.8,1.8,0.5,2.3,15.0,5.0,29.0,0.23,0.0,0.23,0.23,0.23,0.43,0.1,0.53,0.43,0.53,2023-2024
47,488,489,Ashley Young,ENG,DF,Everton,38.0,1985.0,13.0,13.0,1079.0,12.0,0.0,0.0,0.0,0.0,0.0,0.0,6.0,1.0,0.2,0.2,0.8,1.0,19.0,45.0,15.0,0.0,0.0,0.0,0.0,0.0,0.02,0.07,0.09,0.02,0.09,2023-2024
48,452,453,Auston Trusty,USA,DF,Sheffield Utd,25.0,1998.0,10.0,8.0,734.0,8.2,0.0,0.0,0.0,0.0,0.0,0.0,1.0,0.0,0.0,0.0,0.0,0.0,3.0,11.0,4.0,0.0,0.0,0.0,0.0,0.0,0.0,0.0,0.0,0.0,0.0,2023-2024
49,123,124,Axel Disasi,FRA,DF,Chelsea,25.0,1998.0,13.0,13.0,1146.0,12.7,1.0,0.0,1.0,1.0,0.0,0.0,2.0,0.0,0.8,0.8,0.2,1.0,12.0,51.0,7.0,0.08,0.0,0.08,0.08,0.08,0.06,0.02,0.08,0.06,0.08,2023-2024
50,248,249,Aymeric Laporte,ESP,DF,Manchester City,29.0,1994.0,1.0,0.0,12.0,0.1,0.0,0.0,0.0,0.0,0.0,0.0,0.0,0.0,0.0,0.0,0.0,0.0,0.0,0.0,0.0,0.0,0.0,0.0,0.0,0.0,0.27,0.0,0.27,0.27,0.27,2023-2024
51,462,463,Bart Verbruggen,NED,GK,Brighton,21.0,2002.0,6.0,6.0,540.0,6.0,0.0,0.0,0.0,0.0,0.0,0.0,1.0,0.0,0.0,0.0,0.0,0.0,0.0,0.0,0.0,0.0,0.0,0.0,0.0,0.0,0.0,0.0,0.0,0.0,0.0,2023-2024
52,86,87,Ben Chilwell,ENG,DF,Chelsea,26.0,1996.0,6.0,4.0,336.0,3.7,0.0,1.0,1.0,0.0,0.0,0.0,3.0,0.0,1.0,1.0,1.8,2.8,12.0,10.0,23.0,0.0,0.27,0.27,0.0,0.27,0.26,0.49,0.74,0.26,0.74,2023-2024
53,110,111,Ben Davies,WAL,DF,Tottenham,30.0,1993.0,8.0,4.0,362.0,4.0,0.0,0.0,0.0,0.0,0.0,0.0,0.0,0.0,0.9,0.9,0.0,0.9,1.0,25.0,6.0,0.0,0.0,0.0,0.0,0.0,0.21,0.0,0.21,0.21,0.21,2023-2024
54,124,125,Ben Doak,SCO,MF,Liverpool,18.0,2005.0,1.0,0.0,14.0,0.2,0.0,0.0,0.0,0.0,0.0,0.0,0.0,0.0,0.0,0.0,0.0,0.0,0.0,0.0,0.0,0.0,0.0,0.0,0.0,0.0,0.0,0.0,0.0,0.0,0.0,2023-2024
55,173,174,Ben Godfrey,ENG,DF,Everton,25.0,1998.0,1.0,0.0,1.0,0.0,0.0,0.0,0.0,0.0,0.0,0.0,0.0,0.0,0.0,0.0,0.0,0.0,0.0,0.0,0.0,0.0,0.0,0.0,0.0,0.0,0.0,0.0,0.0,0.0,0.0,2023-2024
56,293,294,Ben Mee,ENG,DF,Brentford,34.0,1989.0,7.0,6.0,512.0,5.7,1.0,0.0,1.0,1.0,0.0,0.0,0.0,0.0,0.4,0.4,0.3,0.7,4.0,26.0,5.0,0.18,0.0,0.18,0.18,0.18,0.07,0.05,0.12,0.07,0.12,2023-2024
57,344,345,Ben Osborn,ENG,MF,Sheffield Utd,29.0,1994.0,8.0,3.0,302.0,3.4,0.0,0.0,0.0,0.0,0.0,0.0,2.0,0.0,0.1,0.1,0.1,0.2,3.0,11.0,17.0,0.0,0.0,0.0,0.0,0.0,0.04,0.03,0.07,0.04,0.07,2023-2024
58,354,355,Ben Parkinson,ENG,FW,Newcastle Utd,18.0,2005.0,1.0,0.0,25.0,0.3,0.0,0.0,0.0,0.0,0.0,0.0,0.0,0.0,0.0,0.0,0.0,0.0,0.0,0.0,0.0,0.0,0.0,0.0,0.0,0.0,0.0,0.0,0.0,0.0,0.0,2023-2024
59,476,477,Ben White,ENG,DF,Arsenal,26.0,1997.0,14.0,12.0,1050.0,11.7,1.0,1.0,2.0,1.0,0.0,0.0,2.0,0.0,0.5,0.5,1.5,1.9,15.0,60.0,56.0,0.09,0.09,0.17,0.09,0.17,0.04,0.13,0.17,0.04,0.17,2023-2024
60,55,56,Benicio Boaitey,ENG,MF,Brighton,19.0,2004.0,2.0,0.0,14.0,0.2,0.0,0.0,0.0,0.0,0.0,0.0,0.0,0.0,0.0,0.0,0.0,0.0,0.0,1.0,0.0,0.0,0.0,0.0,0.0,0.0,0.0,0.0,0.0,0.0,0.0,2023-2024
61,31,32,Benoit Badiashile,FRA,DF,Chelsea,22.0,2001.0,2.0,2.0,180.0,2.0,0.0,1.0,1.0,0.0,0.0,0.0,1.0,0.0,0.1,0.1,0.5,0.6,0.0,3.0,0.0,0.0,0.5,0.5,0.0,0.5,0.05,0.26,0.31,0.05,0.31,2023-2024
62,271,272,Benson Manuel,BEL,MF,Burnley,26.0,1997.0,3.0,1.0,67.0,0.7,0.0,0.0,0.0,0.0,0.0,0.0,0.0,0.0,0.0,0.0,0.0,0.0,2.0,0.0,9.0,0.0,0.0,0.0,0.0,0.0,0.03,0.0,0.03,0.03,0.03,2023-2024
63,414,415,Bernardo Silva,POR,MF,Manchester City,29.0,1994.0,12.0,11.0,998.0,11.1,3.0,3.0,6.0,3.0,0.0,0.0,3.0,0.0,1.0,1.0,4.0,5.0,56.0,73.0,84.0,0.27,0.27,0.54,0.27,0.54,0.09,0.36,0.45,0.09,0.45,2023-2024
64,252,253,Bernd Leno,GER,GK,Fulham,31.0,1992.0,15.0,15.0,1350.0,15.0,0.0,0.0,0.0,0.0,0.0,0.0,0.0,0.0,0.0,0.0,0.0,0.0,0.0,0.0,0.0,0.0,0.0,0.0,0.0,0.0,0.0,0.0,0.0,0.0,0.0,2023-2024
65,447,448,Bertrand Traore,BFA,MF,Aston Villa,28.0,1995.0,2.0,0.0,11.0,0.1,0.0,0.0,0.0,0.0,0.0,0.0,0.0,0.0,0.0,0.0,0.0,0.0,0.0,0.0,0.0,0.0,0.0,0.0,0.0,0.0,0.0,0.0,0.0,0.0,0.0,2023-2024
66,51,52,Beto,GNB,FW,Everton,25.0,1998.0,9.0,4.0,382.0,4.2,0.0,0.0,0.0,0.0,0.0,0.0,0.0,0.0,1.9,1.9,0.3,2.2,5.0,8.0,27.0,0.0,0.0,0.0,0.0,0.0,0.44,0.07,0.52,0.44,0.52,2023-2024
67,172,173,Billy Gilmour,SCO,MF,Brighton,22.0,2001.0,14.0,10.0,874.0,9.7,0.0,1.0,1.0,0.0,0.0,0.0,3.0,0.0,0.6,0.6,1.7,2.3,18.0,91.0,22.0,0.0,0.1,0.1,0.0,0.1,0.07,0.17,0.24,0.07,0.24,2023-2024
68,379,380,Bobby Reid,JAM,MF,Fulham,30.0,1993.0,13.0,8.0,640.0,7.1,3.0,0.0,3.0,3.0,0.0,0.0,1.0,0.0,2.8,2.8,0.1,2.9,16.0,17.0,36.0,0.42,0.0,0.42,0.42,0.42,0.39,0.02,0.41,0.39,0.41,2023-2024
69,229,230,Boubacar Kamara,FRA,MF,Aston Villa,24.0,1999.0,14.0,14.0,1191.0,13.2,0.0,0.0,0.0,0.0,0.0,0.0,6.0,0.0,0.1,0.1,1.0,1.1,15.0,66.0,4.0,0.0,0.0,0.0,0.0,0.0,0.01,0.07,0.08,0.01,0.08,2023-2024
70,448,449,Boubacar Traore,MLI,MF,Wolves,22.0,2001.0,10.0,3.0,354.0,3.9,0.0,0.0,0.0,0.0,0.0,0.0,1.0,0.0,0.0,0.0,0.0,0.1,3.0,9.0,6.0,0.0,0.0,0.0,0.0,0.0,0.01,0.01,0.02,0.01,0.02,2023-2024
71,218,219,Brennan Johnson,WAL,MF,Tottenham,22.0,2001.0,8.0,5.0,396.0,4.4,1.0,2.0,3.0,1.0,0.0,0.0,1.0,0.0,1.7,1.7,1.1,2.8,20.0,13.0,43.0,0.23,0.45,0.68,0.23,0.68,0.38,0.25,0.63,0.38,0.63,2023-2024
72,155,156,Bruno Fernandes,POR,MF,Manchester Utd,29.0,1994.0,15.0,15.0,1350.0,15.0,3.0,3.0,6.0,2.0,1.0,2.0,4.0,0.0,4.4,2.8,5.5,8.3,23.0,134.0,77.0,0.2,0.2,0.4,0.13,0.33,0.29,0.36,0.66,0.19,0.55,2023-2024
73,183,184,Bruno Guimaraes,BRA,MF,Newcastle Utd,26.0,1997.0,13.0,13.0,1132.0,12.6,1.0,1.0,2.0,1.0,0.0,0.0,5.0,0.0,1.3,1.3,1.4,2.7,23.0,87.0,25.0,0.08,0.08,0.16,0.08,0.16,0.1,0.11,0.21,0.1,0.21,2023-2024
74,171,172,Bryan Gil,ESP,FW,Tottenham,22.0,2001.0,4.0,2.0,133.0,1.5,0.0,0.0,0.0,0.0,0.0,0.0,0.0,0.0,0.1,0.1,0.0,0.1,3.0,6.0,24.0,0.0,0.0,0.0,0.0,0.0,0.06,0.02,0.08,0.06,0.08,2023-2024
75,284,285,Bryan Mbeumo,CMR,MF,Brentford,24.0,1999.0,15.0,15.0,1286.0,14.3,7.0,3.0,10.0,4.0,3.0,3.0,1.0,0.0,8.5,6.2,2.7,8.9,49.0,65.0,131.0,0.49,0.21,0.7,0.28,0.49,0.6,0.19,0.79,0.43,0.62,2023-2024
76,396,397,Bukayo Saka,ENG,MF,Arsenal,22.0,2001.0,14.0,14.0,1212.0,13.5,5.0,6.0,11.0,3.0,2.0,2.0,1.0,0.0,4.6,3.1,4.3,7.4,64.0,48.0,190.0,0.37,0.45,0.82,0.22,0.67,0.34,0.32,0.67,0.23,0.55,2023-2024
77,1,2,Benie Adama Traore,CIV,FW,Sheffield Utd,21.0,2002.0,8.0,3.0,386.0,4.3,0.0,0.0,0.0,0.0,0.0,0.0,0.0,0.0,0.3,0.3,0.5,0.8,7.0,9.0,14.0,0.0,0.0,0.0,0.0,0.0,0.06,0.13,0.19,0.06,0.19,2023-2024
78,200,201,Callum Hudson-Odoi,ENG,MF,Nott'ham Forest,23.0,2000.0,7.0,4.0,341.0,3.8,1.0,0.0,1.0,1.0,0.0,0.0,0.0,0.0,0.1,0.1,0.3,0.4,24.0,15.0,40.0,0.26,0.0,0.26,0.26,0.26,0.03,0.08,0.11,0.03,0.11,2023-2024
79,480,481,Callum Wilson,ENG,FW,Newcastle Utd,31.0,1992.0,10.0,5.0,484.0,5.4,7.0,0.0,7.0,5.0,2.0,2.0,1.0,0.0,5.9,4.4,0.0,4.4,6.0,4.0,36.0,1.3,0.0,1.3,0.93,0.93,1.11,0.0,1.11,0.81,0.82,2023-2024
80,40,41,Calvin Bassey,NGA,DF,Fulham,23.0,1999.0,11.0,8.0,757.0,8.4,0.0,0.0,0.0,0.0,0.0,0.0,2.0,1.0,0.0,0.0,0.0,0.0,3.0,10.0,4.0,0.0,0.0,0.0,0.0,0.0,0.01,0.0,0.01,0.01,0.01,2023-2024
81,25,26,Cameron Archer,ENG,FW,Sheffield Utd,22.0,2001.0,12.0,11.0,937.0,10.4,2.0,0.0,2.0,2.0,0.0,0.0,1.0,0.0,1.2,1.2,0.8,2.0,13.0,8.0,56.0,0.19,0.0,0.19,0.19,0.19,0.12,0.07,0.19,0.12,0.19,2023-2024
82,233,234,Caoimhin Kelleher,IRL,GK,Liverpool,25.0,1998.0,2.0,2.0,180.0,2.0,0.0,0.0,0.0,0.0,0.0,0.0,0.0,0.0,0.0,0.0,0.0,0.0,0.0,0.0,0.0,0.0,0.0,0.0,0.0,0.0,0.0,0.0,0.0,0.0,0.0,2023-2024
83,34,35,Carlos Baleba,CMR,MF,Brighton,19.0,2004.0,9.0,5.0,420.0,4.7,0.0,0.0,0.0,0.0,0.0,0.0,2.0,0.0,0.3,0.3,0.1,0.4,2.0,15.0,1.0,0.0,0.0,0.0,0.0,0.0,0.07,0.02,0.09,0.07,0.09,2023-2024
84,465,466,Carlos Vinicius,BRA,FW,Fulham,28.0,1995.0,10.0,2.0,261.0,2.9,1.0,0.0,1.0,1.0,0.0,0.0,2.0,0.0,0.7,0.7,0.5,1.2,2.0,2.0,10.0,0.34,0.0,0.34,0.34,0.34,0.23,0.19,0.42,0.23,0.42,2023-2024
85,308,309,Carlton Morris,ENG,FW,Luton Town,27.0,1995.0,15.0,14.0,1171.0,13.0,3.0,2.0,5.0,1.0,2.0,2.0,1.0,0.0,3.9,2.3,0.5,2.8,10.0,31.0,61.0,0.23,0.15,0.38,0.08,0.23,0.3,0.04,0.34,0.18,0.22,2023-2024
86,89,90,Carney Chukwuemeka,ENG,MF,Chelsea,20.0,2003.0,2.0,2.0,125.0,1.4,1.0,0.0,1.0,1.0,0.0,0.0,2.0,0.0,0.1,0.1,0.1,0.2,2.0,4.0,9.0,0.72,0.0,0.72,0.72,0.72,0.08,0.09,0.16,0.08,0.16,2023-2024
87,80,81,Casemiro,BRA,MF,Manchester Utd,31.0,1992.0,8.0,8.0,648.0,7.2,1.0,0.0,1.0,1.0,0.0,0.0,1.0,0.0,1.8,1.8,0.3,2.1,8.0,55.0,24.0,0.14,0.0,0.14,0.14,0.14,0.25,0.04,0.29,0.25,0.29,2023-2024
88,484,485,Cauley Woodrow,ENG,FW,Luton Town,29.0,1994.0,7.0,0.0,81.0,0.9,0.0,0.0,0.0,0.0,0.0,0.0,0.0,0.0,0.6,0.6,0.3,1.0,3.0,1.0,6.0,0.0,0.0,0.0,0.0,0.0,0.68,0.39,1.07,0.68,1.07,2023-2024
89,434,435,Charlie Taylor,ENG,DF,Burnley,30.0,1993.0,12.0,12.0,1080.0,12.0,1.0,1.0,2.0,1.0,0.0,0.0,4.0,0.0,0.1,0.1,0.3,0.4,13.0,46.0,24.0,0.08,0.08,0.17,0.08,0.17,0.01,0.02,0.03,0.01,0.03,2023-2024
90,132,133,Cheick Doucoure,MLI,MF,Crystal Palace,23.0,2000.0,11.0,11.0,919.0,10.2,0.0,0.0,0.0,0.0,0.0,0.0,2.0,0.0,0.3,0.3,0.7,1.0,9.0,49.0,5.0,0.0,0.0,0.0,0.0,0.0,0.03,0.07,0.1,0.03,0.1,2023-2024
91,242,243,Cheikhou Kouyate,SEN,MF,Nott'ham Forest,33.0,1989.0,7.0,0.0,76.0,0.8,0.0,0.0,0.0,0.0,0.0,0.0,1.0,0.0,0.1,0.1,0.0,0.1,0.0,2.0,1.0,0.0,0.0,0.0,0.0,0.0,0.09,0.05,0.14,0.09,0.14,2023-2024
92,332,333,Chiedozie Ogbene,IRL,FW,Luton Town,26.0,1997.0,15.0,10.0,940.0,10.4,1.0,1.0,2.0,1.0,0.0,0.0,0.0,0.0,0.9,0.9,1.3,2.2,59.0,15.0,69.0,0.1,0.1,0.19,0.1,0.19,0.09,0.13,0.21,0.09,0.21,2023-2024
93,39,40,Chris Basham,ENG,DF,Sheffield Utd,35.0,1988.0,8.0,3.0,321.0,3.6,0.0,0.0,0.0,0.0,0.0,0.0,1.0,0.0,0.1,0.1,0.3,0.4,1.0,7.0,6.0,0.0,0.0,0.0,0.0,0.0,0.04,0.07,0.1,0.04,0.1,2023-2024
94,296,297,Chris Mepham,WAL,DF,Bournemouth,26.0,1997.0,5.0,2.0,178.0,2.0,0.0,0.0,0.0,0.0,0.0,0.0,1.0,0.0,0.1,0.1,0.0,0.1,1.0,4.0,0.0,0.0,0.0,0.0,0.0,0.0,0.04,0.01,0.05,0.04,0.05,2023-2024
95,381,382,Chris Richards,USA,DF,Crystal Palace,23.0,2000.0,6.0,3.0,294.0,3.3,0.0,0.0,0.0,0.0,0.0,0.0,0.0,0.0,0.0,0.0,0.0,0.0,0.0,4.0,0.0,0.0,0.0,0.0,0.0,0.0,0.0,0.01,0.01,0.0,0.01,2023-2024
96,483,484,Chris Wood,NZL,FW,Nott'ham Forest,32.0,1991.0,13.0,4.0,438.0,4.9,3.0,0.0,3.0,3.0,0.0,0.0,0.0,0.0,2.4,2.4,0.5,2.8,4.0,4.0,16.0,0.62,0.0,0.62,0.62,0.62,0.48,0.1,0.58,0.48,0.58,2023-2024
97,148,149,Christian Eriksen,DEN,MF,Manchester Utd,31.0,1992.0,11.0,6.0,607.0,6.7,1.0,1.0,2.0,1.0,0.0,0.0,0.0,0.0,0.4,0.4,1.0,1.4,14.0,32.0,15.0,0.15,0.15,0.3,0.15,0.3,0.06,0.15,0.21,0.06,0.21,2023-2024
98,328,329,Christian Norgaard,DEN,MF,Brentford,29.0,1994.0,14.0,14.0,1210.0,13.4,1.0,1.0,2.0,1.0,0.0,0.0,5.0,0.0,2.0,2.0,1.2,3.2,5.0,80.0,24.0,0.07,0.07,0.15,0.07,0.15,0.15,0.09,0.24,0.15,0.24,2023-2024
99,164,165,Cody Gakpo,NED,FW,Liverpool,24.0,1999.0,13.0,7.0,590.0,6.6,2.0,0.0,2.0,2.0,0.0,0.0,0.0,0.0,2.6,2.6,0.3,2.8,12.0,28.0,43.0,0.31,0.0,0.31,0.31,0.31,0.39,0.04,0.43,0.39,0.43,2023-2024
100,351,352,Cole Palmer,ENG,MF,Chelsea,21.0,2002.0,12.0,8.0,784.0,8.7,5.0,2.0,7.0,1.0,4.0,4.0,3.0,0.0,5.0,1.8,3.1,5.0,34.0,58.0,41.0,0.57,0.23,0.8,0.11,0.34,0.57,0.36,0.93,0.21,0.57,2023-2024
101,385,386,Connor Roberts,WAL,DF,Burnley,28.0,1995.0,9.0,8.0,734.0,8.2,0.0,1.0,1.0,0.0,0.0,0.0,4.0,1.0,0.0,0.0,0.2,0.2,6.0,37.0,10.0,0.0,0.12,0.12,0.0,0.12,0.0,0.02,0.02,0.0,0.02,2023-2024
102,165,166,Conor Gallagher,ENG,MF,Chelsea,23.0,2000.0,14.0,14.0,1147.0,12.7,0.0,4.0,4.0,0.0,0.0,0.0,3.0,1.0,1.0,1.0,1.8,2.8,21.0,68.0,41.0,0.0,0.31,0.31,0.0,0.31,0.08,0.14,0.22,0.08,0.22,2023-2024
103,112,113,Craig Dawson,ENG,DF,Wolves,33.0,1990.0,14.0,14.0,1240.0,13.8,0.0,0.0,0.0,0.0,0.0,0.0,5.0,0.0,0.7,0.7,0.6,1.3,1.0,34.0,2.0,0.0,0.0,0.0,0.0,0.0,0.05,0.04,0.09,0.05,0.09,2023-2024
104,392,393,Cristian Romero,ARG,DF,Tottenham,25.0,1998.0,11.0,11.0,855.0,9.5,2.0,0.0,2.0,2.0,0.0,0.0,2.0,1.0,0.9,0.9,0.2,1.1,11.0,60.0,3.0,0.21,0.0,0.21,0.21,0.21,0.09,0.02,0.12,0.09,0.12,2023-2024
105,221,222,Curtis Jones,ENG,MF,Liverpool,22.0,2001.0,7.0,5.0,365.0,4.1,0.0,0.0,0.0,0.0,0.0,0.0,1.0,1.0,0.2,0.2,0.0,0.2,5.0,23.0,26.0,0.0,0.0,0.0,0.0,0.0,0.05,0.0,0.05,0.05,0.05,2023-2024
106,73,74,Dan Burn,ENG,DF,Newcastle Utd,31.0,1992.0,11.0,11.0,945.0,10.5,1.0,0.0,1.0,1.0,0.0,0.0,2.0,0.0,1.0,1.0,0.5,1.5,7.0,32.0,15.0,0.1,0.0,0.1,0.1,0.1,0.09,0.05,0.14,0.09,0.14,2023-2024
107,347,348,Dango Ouattara,BFA,MF,Bournemouth,21.0,2002.0,9.0,2.0,239.0,2.7,0.0,0.0,0.0,0.0,0.0,0.0,2.0,0.0,0.5,0.5,0.3,0.8,6.0,3.0,18.0,0.0,0.0,0.0,0.0,0.0,0.2,0.1,0.3,0.2,0.3,2023-2024
108,47,48,Daniel Bentley,ENG,GK,Wolves,30.0,1993.0,2.0,1.0,158.0,1.8,0.0,0.0,0.0,0.0,0.0,0.0,0.0,0.0,0.0,0.0,0.0,0.0,0.0,0.0,0.0,0.0,0.0,0.0,0.0,0.0,0.0,0.0,0.0,0.0,0.0,2023-2024
109,107,108,Danilo,BRA,MF,Nott'ham Forest,22.0,2001.0,8.0,5.0,431.0,4.8,0.0,0.0,0.0,0.0,0.0,0.0,1.0,0.0,0.2,0.2,0.1,0.3,5.0,14.0,10.0,0.0,0.0,0.0,0.0,0.0,0.05,0.01,0.06,0.05,0.06,2023-2024
110,205,206,Danny Ings,ENG,FW,West Ham,31.0,1992.0,9.0,1.0,137.0,1.5,0.0,0.0,0.0,0.0,0.0,0.0,1.0,0.0,0.1,0.1,0.0,0.1,1.0,1.0,7.0,0.0,0.0,0.0,0.0,0.0,0.08,0.0,0.08,0.08,0.08,2023-2024
111,475,476,Danny Welbeck,ENG,FW,Brighton,33.0,1990.0,8.0,7.0,408.0,4.5,1.0,0.0,1.0,1.0,0.0,0.0,1.0,0.0,1.1,1.1,0.3,1.4,8.0,11.0,21.0,0.22,0.0,0.22,0.22,0.22,0.24,0.06,0.3,0.24,0.3,2023-2024
112,329,330,Dara O'Shea,IRL,DF,Burnley,24.0,1999.0,11.0,10.0,937.0,10.4,0.0,2.0,2.0,0.0,0.0,0.0,1.0,0.0,0.3,0.3,0.5,0.8,11.0,50.0,3.0,0.0,0.19,0.19,0.0,0.19,0.02,0.05,0.07,0.02,0.07,2023-2024
113,327,328,Darwin Nunez,URU,FW,Liverpool,24.0,1999.0,14.0,8.0,799.0,8.9,4.0,5.0,9.0,4.0,0.0,0.0,3.0,0.0,6.1,6.1,2.4,8.5,24.0,30.0,84.0,0.45,0.56,1.01,0.45,1.01,0.69,0.27,0.96,0.69,0.96,2023-2024
114,65,66,David Brooks,WAL,MF,Bournemouth,26.0,1997.0,9.0,2.0,238.0,2.6,1.0,0.0,1.0,1.0,0.0,0.0,1.0,0.0,1.5,1.5,0.6,2.1,5.0,17.0,19.0,0.38,0.0,0.38,0.38,0.38,0.56,0.22,0.78,0.56,0.78,2023-2024
115,348,349,David Ozoh,ENG,MF,Crystal Palace,18.0,2005.0,1.0,0.0,4.0,0.0,0.0,0.0,0.0,0.0,0.0,0.0,0.0,0.0,0.0,0.0,0.0,0.0,0.0,0.0,0.0,0.0,0.0,0.0,0.0,0.0,0.0,0.0,0.0,0.0,0.0,2023-2024
116,374,375,David Raya,ESP,GK,Arsenal,28.0,1995.0,10.0,10.0,900.0,10.0,0.0,0.0,0.0,0.0,0.0,0.0,0.0,0.0,0.0,0.0,0.0,0.0,0.0,0.0,0.0,0.0,0.0,0.0,0.0,0.0,0.0,0.0,0.0,0.0,0.0,2023-2024
117,400,401,Davinson Sanchez,COL,DF,Tottenham,27.0,1996.0,1.0,0.0,77.0,0.9,0.0,0.0,0.0,0.0,0.0,0.0,1.0,0.0,0.1,0.1,0.0,0.1,0.0,2.0,0.0,0.0,0.0,0.0,0.0,0.0,0.14,0.0,0.14,0.14,0.14,2023-2024
118,380,381,Declan Rice,ENG,MF,Arsenal,24.0,1999.0,15.0,15.0,1292.0,14.4,3.0,1.0,4.0,3.0,0.0,0.0,0.0,0.0,1.2,1.2,1.9,3.2,21.0,104.0,24.0,0.21,0.07,0.28,0.21,0.28,0.09,0.13,0.22,0.09,0.22,2023-2024
119,472,473,Deivid Washington,BRA,FW,Chelsea,18.0,2005.0,1.0,0.0,10.0,0.1,0.0,0.0,0.0,0.0,0.0,0.0,0.0,0.0,0.5,0.5,0.0,0.5,0.0,0.0,1.0,0.0,0.0,0.0,0.0,0.0,4.19,0.0,4.19,4.19,4.19,2023-2024
120,245,246,Dejan Kulusevski,SWE,MF,Tottenham,23.0,2000.0,14.0,14.0,1220.0,13.6,4.0,1.0,5.0,4.0,0.0,0.0,2.0,0.0,2.0,2.0,2.9,4.9,77.0,48.0,153.0,0.3,0.07,0.37,0.3,0.37,0.15,0.21,0.36,0.15,0.36,2023-2024
121,455,456,Destiny Udogie,ITA,DF,Tottenham,21.0,2002.0,12.0,12.0,962.0,10.7,0.0,2.0,2.0,0.0,0.0,0.0,6.0,1.0,0.5,0.5,0.7,1.3,28.0,52.0,62.0,0.0,0.19,0.19,0.0,0.19,0.05,0.07,0.12,0.05,0.12,2023-2024
122,79,80,Diego Carlos,BRA,DF,Aston Villa,30.0,1993.0,10.0,6.0,547.0,6.1,0.0,0.0,0.0,0.0,0.0,0.0,0.0,0.0,0.5,0.5,0.0,0.5,0.0,21.0,0.0,0.0,0.0,0.0,0.0,0.0,0.08,0.0,0.08,0.08,0.08,2023-2024
123,105,106,Diogo Dalot,POR,DF,Manchester Utd,24.0,1999.0,14.0,13.0,1195.0,13.3,1.0,1.0,2.0,1.0,0.0,0.0,3.0,0.0,0.4,0.4,1.3,1.7,28.0,51.0,52.0,0.08,0.08,0.15,0.08,0.15,0.03,0.09,0.12,0.03,0.12,2023-2024
124,223,224,Diogo Jota,POR,MF,Liverpool,27.0,1996.0,12.0,8.0,634.0,7.0,4.0,0.0,4.0,4.0,0.0,0.0,3.0,1.0,3.0,3.0,0.7,3.6,30.0,14.0,71.0,0.57,0.0,0.57,0.57,0.57,0.42,0.09,0.51,0.42,0.51,2023-2024
125,310,311,Divin Mubama,ENG,FW,West Ham,19.0,2004.0,1.0,0.0,29.0,0.3,0.0,0.0,0.0,0.0,0.0,0.0,0.0,0.0,0.0,0.0,0.0,0.0,0.0,0.0,1.0,0.0,0.0,0.0,0.0,0.0,0.0,0.0,0.0,0.0,0.0,2023-2024
126,342,343,Divock Origi,BEL,FW,Nott'ham Forest,28.0,1995.0,8.0,1.0,157.0,1.7,0.0,0.0,0.0,0.0,0.0,0.0,1.0,0.0,0.2,0.2,0.2,0.4,2.0,0.0,8.0,0.0,0.0,0.0,0.0,0.0,0.09,0.13,0.22,0.09,0.22,2023-2024
127,77,78,Dominic Calvert-Lewin,ENG,FW,Everton,26.0,1997.0,10.0,8.0,656.0,7.3,3.0,0.0,3.0,3.0,0.0,0.0,0.0,0.0,3.4,3.4,0.2,3.7,12.0,11.0,31.0,0.41,0.0,0.41,0.41,0.41,0.47,0.03,0.5,0.47,0.5,2023-2024
128,421,422,Dominic Solanke,ENG,FW,Bournemouth,26.0,1997.0,15.0,15.0,1335.0,14.8,7.0,1.0,8.0,7.0,0.0,0.0,1.0,0.0,7.5,7.5,1.0,8.5,19.0,23.0,71.0,0.47,0.07,0.54,0.47,0.54,0.5,0.07,0.57,0.5,0.57,2023-2024
129,429,430,Dominik Szoboszlai,HUN,MF,Liverpool,23.0,2000.0,15.0,15.0,1279.0,14.2,2.0,2.0,4.0,2.0,0.0,0.0,1.0,0.0,1.4,1.4,4.0,5.4,42.0,97.0,88.0,0.14,0.14,0.28,0.14,0.28,0.1,0.28,0.38,0.1,0.38,2023-2024
130,41,42,Donny van de Beek,NED,MF,Manchester Utd,26.0,1997.0,1.0,0.0,3.0,0.0,0.0,0.0,0.0,0.0,0.0,0.0,0.0,0.0,0.0,0.0,0.1,0.2,0.0,0.0,1.0,0.0,0.0,0.0,0.0,0.0,1.09,4.44,5.54,1.09,5.54,2023-2024
131,262,263,Douglas Luiz,BRA,MF,Aston Villa,25.0,1998.0,15.0,15.0,1293.0,14.4,5.0,2.0,7.0,2.0,3.0,3.0,4.0,0.0,3.9,1.6,1.8,3.4,34.0,75.0,26.0,0.35,0.14,0.49,0.14,0.28,0.27,0.13,0.4,0.11,0.23,2023-2024
132,291,292,Dwight McNeil,ENG,MF,Everton,24.0,1999.0,11.0,10.0,843.0,9.4,1.0,1.0,2.0,1.0,0.0,0.0,0.0,0.0,1.3,1.3,2.3,3.6,26.0,27.0,48.0,0.11,0.11,0.21,0.11,0.21,0.14,0.24,0.39,0.14,0.39,2023-2024
133,151,152,Eberechi Eze,ENG,MF,Crystal Palace,25.0,1998.0,10.0,9.0,798.0,8.9,2.0,1.0,3.0,1.0,1.0,1.0,2.0,0.0,3.3,2.5,1.9,4.3,26.0,34.0,49.0,0.23,0.11,0.34,0.11,0.23,0.37,0.21,0.58,0.28,0.49,2023-2024
134,323,324,Eddie Nketiah,ENG,FW,Arsenal,24.0,1999.0,14.0,9.0,818.0,9.1,5.0,0.0,5.0,5.0,0.0,0.0,2.0,0.0,3.6,3.6,0.2,3.8,14.0,11.0,49.0,0.55,0.0,0.55,0.55,0.55,0.4,0.02,0.42,0.4,0.42,2023-2024
135,139,140,Ederson,BRA,GK,Manchester City,30.0,1993.0,14.0,14.0,1260.0,14.0,0.0,0.0,0.0,0.0,0.0,0.0,2.0,0.0,0.0,0.0,0.1,0.1,0.0,1.0,0.0,0.0,0.0,0.0,0.0,0.0,0.0,0.01,0.01,0.0,0.01,2023-2024
136,16,17,Edson Alvarez,MEX,MF,West Ham,26.0,1997.0,12.0,11.0,909.0,10.1,0.0,1.0,1.0,0.0,0.0,0.0,6.0,0.0,0.4,0.4,0.1,0.5,6.0,32.0,11.0,0.0,0.1,0.1,0.0,0.1,0.04,0.01,0.05,0.04,0.05,2023-2024
137,3,4,Elijah Adebayo,ENG,FW,Luton Town,25.0,1998.0,15.0,5.0,496.0,5.5,3.0,0.0,3.0,3.0,0.0,0.0,1.0,0.0,1.6,1.6,0.3,1.9,5.0,9.0,31.0,0.54,0.0,0.54,0.54,0.54,0.29,0.05,0.34,0.29,0.34,2023-2024
138,21,22,Elliot Anderson,SCO,MF,Newcastle Utd,21.0,2002.0,9.0,4.0,411.0,4.6,0.0,1.0,1.0,0.0,0.0,0.0,0.0,0.0,0.7,0.7,0.9,1.6,14.0,26.0,33.0,0.0,0.22,0.22,0.0,0.22,0.16,0.19,0.35,0.16,0.35,2023-2024
139,146,147,Emerson,BRA,DF,Tottenham,24.0,1999.0,11.0,4.0,510.0,5.7,1.0,0.0,1.0,1.0,0.0,0.0,2.0,0.0,0.1,0.1,0.0,0.1,15.0,19.0,10.0,0.18,0.0,0.18,0.18,0.18,0.02,0.0,0.02,0.02,0.02,2023-2024
140,352,353,Emerson Palmieri,ITA,DF,West Ham,29.0,1994.0,13.0,13.0,1170.0,13.0,0.0,1.0,1.0,0.0,0.0,0.0,6.0,0.0,0.6,0.6,1.7,2.4,18.0,45.0,41.0,0.0,0.08,0.08,0.0,0.08,0.05,0.13,0.18,0.05,0.18,2023-2024
141,244,245,Emil Krafth,SWE,DF,Newcastle Utd,29.0,1994.0,1.0,0.0,1.0,0.0,0.0,0.0,0.0,0.0,0.0,0.0,0.0,0.0,0.0,0.0,0.0,0.0,0.0,0.0,0.0,0.0,0.0,0.0,0.0,0.0,0.0,0.0,0.0,0.0,0.0,2023-2024
142,420,421,Emile Smith Rowe,ENG,MF,Arsenal,23.0,2000.0,4.0,1.0,107.0,1.2,0.0,1.0,1.0,0.0,0.0,0.0,0.0,0.0,0.8,0.8,0.1,0.9,1.0,5.0,5.0,0.0,0.84,0.84,0.0,0.84,0.71,0.05,0.76,0.71,0.76,2023-2024
143,275,276,Emiliano Martinez,ARG,GK,Aston Villa,31.0,1992.0,14.0,14.0,1260.0,14.0,0.0,0.0,0.0,0.0,0.0,0.0,2.0,0.0,0.0,0.0,0.0,0.0,0.0,2.0,0.0,0.0,0.0,0.0,0.0,0.0,0.0,0.0,0.0,0.0,0.0,2023-2024
144,156,157,Enzo Fernandez,ARG,MF,Chelsea,22.0,2001.0,14.0,14.0,1166.0,13.0,2.0,0.0,2.0,1.0,1.0,2.0,4.0,0.0,4.5,3.0,1.1,4.1,28.0,109.0,27.0,0.15,0.0,0.15,0.08,0.08,0.35,0.09,0.44,0.23,0.32,2023-2024
145,120,121,Eric Dier,ENG,DF,Tottenham,29.0,1994.0,2.0,1.0,147.0,1.6,0.0,0.0,0.0,0.0,0.0,0.0,0.0,0.0,0.0,0.0,0.0,0.0,0.0,2.0,0.0,0.0,0.0,0.0,0.0,0.0,0.0,0.0,0.0,0.0,0.0,2023-2024
146,186,187,Erling Haaland,NOR,FW,Manchester City,23.0,2000.0,15.0,15.0,1293.0,14.4,14.0,4.0,18.0,11.0,3.0,4.0,1.0,0.0,15.0,11.8,3.2,15.0,13.0,10.0,57.0,0.97,0.28,1.25,0.77,1.04,1.04,0.22,1.26,0.82,1.04,2023-2024
147,364,365,Ethan Pinnock,JAM,DF,Brentford,30.0,1993.0,15.0,15.0,1350.0,15.0,1.0,0.0,1.0,1.0,0.0,0.0,0.0,0.0,1.5,1.5,0.9,2.4,7.0,42.0,7.0,0.07,0.0,0.07,0.07,0.07,0.1,0.06,0.16,0.1,0.16,2023-2024
148,154,155,Evan Ferguson,IRL,FW,Brighton,19.0,2004.0,14.0,9.0,769.0,8.5,6.0,0.0,6.0,6.0,0.0,0.0,1.0,0.0,3.1,3.1,0.5,3.6,9.0,10.0,32.0,0.7,0.0,0.7,0.7,0.7,0.36,0.05,0.42,0.36,0.42,2023-2024
149,241,242,Ezri Konsa,ENG,DF,Aston Villa,26.0,1997.0,15.0,15.0,1333.0,14.8,0.0,0.0,0.0,0.0,0.0,0.0,2.0,0.0,1.4,1.4,0.1,1.5,9.0,41.0,10.0,0.0,0.0,0.0,0.0,0.0,0.1,0.0,0.1,0.1,0.1,2023-2024
150,407,408,Fabian Schar,SUI,DF,Newcastle Utd,31.0,1991.0,14.0,14.0,1260.0,14.0,0.0,0.0,0.0,0.0,0.0,0.0,2.0,0.0,0.9,0.9,0.1,0.9,8.0,51.0,6.0,0.0,0.0,0.0,0.0,0.0,0.06,0.0,0.07,0.06,0.07,2023-2024
151,464,465,Fabio Vieira,POR,MF,Arsenal,23.0,2000.0,8.0,2.0,241.0,2.7,1.0,2.0,3.0,0.0,1.0,1.0,0.0,1.0,1.2,0.4,1.1,1.5,9.0,12.0,24.0,0.37,0.75,1.12,0.0,0.75,0.45,0.4,0.84,0.15,0.55,2023-2024
152,71,72,Facundo Buonanotte,ARG,MF,Brighton,18.0,2004.0,7.0,4.0,291.0,3.2,1.0,1.0,2.0,1.0,0.0,0.0,3.0,0.0,0.4,0.4,0.7,1.1,4.0,6.0,18.0,0.31,0.31,0.62,0.31,0.62,0.11,0.23,0.34,0.11,0.34,2023-2024
153,358,359,Facundo Pellistri,URU,MF,Manchester Utd,21.0,2001.0,6.0,1.0,133.0,1.5,0.0,1.0,1.0,0.0,0.0,0.0,0.0,0.0,0.6,0.6,0.1,0.7,6.0,4.0,24.0,0.0,0.68,0.68,0.0,0.68,0.41,0.06,0.47,0.41,0.47,2023-2024
154,153,154,Felipe,BRA,DF,Nott'ham Forest,34.0,1989.0,2.0,1.0,120.0,1.3,0.0,0.0,0.0,0.0,0.0,0.0,1.0,0.0,0.1,0.1,0.0,0.1,1.0,2.0,0.0,0.0,0.0,0.0,0.0,0.0,0.06,0.03,0.09,0.06,0.09,2023-2024
155,35,36,Fode Ballo-Toure,SEN,DF,Fulham,26.0,1997.0,1.0,0.0,16.0,0.2,0.0,0.0,0.0,0.0,0.0,0.0,0.0,0.0,0.0,0.0,0.0,0.0,2.0,0.0,2.0,0.0,0.0,0.0,0.0,0.0,0.0,0.0,0.0,0.0,0.0,2023-2024
156,341,342,Frank Onyeka,NGA,MF,Brentford,25.0,1998.0,13.0,5.0,646.0,7.2,0.0,1.0,1.0,0.0,0.0,0.0,3.0,0.0,1.3,1.3,1.5,2.8,8.0,20.0,28.0,0.0,0.14,0.14,0.0,0.14,0.18,0.21,0.4,0.18,0.4,2023-2024
157,415,416,Fabio Silva,POR,FW,Wolves,21.0,2002.0,8.0,3.0,264.0,2.9,0.0,0.0,0.0,0.0,0.0,0.0,2.0,0.0,1.0,1.0,0.2,1.2,5.0,10.0,13.0,0.0,0.0,0.0,0.0,0.0,0.35,0.07,0.42,0.35,0.42,2023-2024
158,130,131,Gabriel Dos Santos,BRA,DF,Arsenal,25.0,1997.0,13.0,11.0,1016.0,11.3,0.0,0.0,0.0,0.0,0.0,0.0,1.0,0.0,0.8,0.8,0.5,1.2,6.0,36.0,4.0,0.0,0.0,0.0,0.0,0.0,0.07,0.04,0.11,0.07,0.11,2023-2024
159,213,214,Gabriel Jesus,BRA,FW,Arsenal,26.0,1997.0,10.0,7.0,585.0,6.5,2.0,1.0,3.0,2.0,0.0,0.0,3.0,0.0,3.5,3.5,0.9,4.4,17.0,17.0,51.0,0.31,0.15,0.46,0.31,0.46,0.54,0.14,0.68,0.54,0.68,2023-2024
160,274,275,Gabriel Martinelli,BRA,MF,Arsenal,22.0,2001.0,13.0,12.0,939.0,10.4,2.0,2.0,4.0,2.0,0.0,0.0,1.0,0.0,1.6,1.6,1.6,3.2,59.0,33.0,156.0,0.19,0.19,0.38,0.19,0.38,0.15,0.16,0.31,0.15,0.31,2023-2024
161,345,346,Gabriel Osho,ENG,DF,Luton Town,25.0,1998.0,6.0,6.0,506.0,5.6,1.0,0.0,1.0,1.0,0.0,0.0,1.0,0.0,0.2,0.2,0.0,0.2,0.0,7.0,0.0,0.18,0.0,0.18,0.18,0.18,0.03,0.0,0.03,0.03,0.03,2023-2024
162,33,34,George Baldock,GRE,DF,Sheffield Utd,30.0,1993.0,8.0,7.0,564.0,6.3,0.0,1.0,1.0,0.0,0.0,0.0,3.0,0.0,0.0,0.0,0.7,0.7,6.0,22.0,20.0,0.0,0.16,0.16,0.0,0.16,0.0,0.11,0.11,0.0,0.11,2023-2024
163,258,259,Giovani Lo Celso,ARG,MF,Tottenham,27.0,1996.0,5.0,2.0,204.0,2.3,2.0,0.0,2.0,2.0,0.0,0.0,0.0,0.0,0.3,0.3,0.2,0.5,4.0,17.0,7.0,0.88,0.0,0.88,0.88,0.88,0.11,0.09,0.2,0.11,0.2,2023-2024
164,305,306,Gonzalo Montiel,ARG,DF,Nott'ham Forest,26.0,1997.0,4.0,1.0,168.0,1.9,0.0,0.0,0.0,0.0,0.0,0.0,2.0,0.0,0.1,0.1,0.1,0.2,4.0,9.0,7.0,0.0,0.0,0.0,0.0,0.0,0.05,0.06,0.11,0.05,0.11,2023-2024
165,463,464,Guglielmo Vicario,ITA,GK,Tottenham,27.0,1996.0,14.0,14.0,1260.0,14.0,0.0,0.0,0.0,0.0,0.0,0.0,2.0,0.0,0.0,0.0,0.0,0.0,0.0,0.0,0.0,0.0,0.0,0.0,0.0,0.0,0.0,0.0,0.0,0.0,0.0,2023-2024
166,189,190,Gustavo Hamer,NED,MF,Sheffield Utd,26.0,1997.0,14.0,14.0,1162.0,12.9,2.0,0.0,2.0,2.0,0.0,0.0,3.0,0.0,1.4,1.4,0.9,2.3,16.0,50.0,27.0,0.15,0.0,0.15,0.15,0.15,0.11,0.07,0.18,0.11,0.18,2023-2024
167,225,226,Hamed Junior Traore,CIV,MF,Bournemouth,23.0,2000.0,3.0,0.0,47.0,0.5,0.0,0.0,0.0,0.0,0.0,0.0,0.0,0.0,0.2,0.2,0.0,0.2,2.0,3.0,4.0,0.0,0.0,0.0,0.0,0.0,0.34,0.07,0.41,0.34,0.41,2023-2024
168,114,115,Hannes Delcroix,BEL,DF,Burnley,24.0,1999.0,6.0,2.0,241.0,2.7,0.0,0.0,0.0,0.0,0.0,0.0,1.0,0.0,0.4,0.4,0.1,0.5,1.0,7.0,0.0,0.0,0.0,0.0,0.0,0.0,0.13,0.05,0.19,0.13,0.19,2023-2024
169,294,295,Hannibal Mejbri,TUN,MF,Manchester Utd,20.0,2003.0,3.0,1.0,123.0,1.4,1.0,0.0,1.0,1.0,0.0,0.0,1.0,0.0,0.0,0.0,0.4,0.4,2.0,6.0,8.0,0.73,0.0,0.73,0.73,0.73,0.02,0.27,0.29,0.02,0.29,2023-2024
170,377,378,Harrison Reed,ENG,MF,Fulham,28.0,1995.0,13.0,9.0,758.0,8.4,0.0,1.0,1.0,0.0,0.0,0.0,2.0,0.0,0.1,0.1,0.7,0.8,4.0,29.0,27.0,0.0,0.12,0.12,0.0,0.12,0.01,0.08,0.09,0.01,0.09,2023-2024
171,268,269,Harry Maguire,ENG,DF,Manchester Utd,30.0,1993.0,10.0,8.0,748.0,8.3,0.0,1.0,1.0,0.0,0.0,0.0,1.0,0.0,0.4,0.4,0.4,0.7,8.0,34.0,1.0,0.0,0.12,0.12,0.0,0.12,0.05,0.04,0.09,0.05,0.09,2023-2024
172,439,440,Harry Toffolo,ENG,DF,Nott'ham Forest,28.0,1995.0,9.0,7.0,654.0,7.3,0.0,3.0,3.0,0.0,0.0,0.0,1.0,0.0,0.4,0.4,0.8,1.2,2.0,23.0,18.0,0.0,0.41,0.41,0.0,0.41,0.05,0.11,0.16,0.05,0.16,2023-2024
173,481,482,Harry Wilson,WAL,MF,Fulham,26.0,1997.0,15.0,8.0,788.0,8.8,1.0,2.0,3.0,1.0,0.0,0.0,2.0,0.0,1.1,1.1,1.3,2.4,16.0,30.0,71.0,0.11,0.23,0.34,0.11,0.34,0.13,0.15,0.28,0.13,0.28,2023-2024
174,38,39,Harvey Barnes,ENG,MF,Newcastle Utd,25.0,1997.0,6.0,2.0,187.0,2.1,1.0,1.0,2.0,1.0,0.0,0.0,1.0,0.0,0.7,0.7,0.9,1.6,15.0,5.0,16.0,0.48,0.48,0.96,0.48,0.96,0.35,0.42,0.76,0.35,0.76,2023-2024
175,144,145,Harvey Elliott,ENG,MF,Liverpool,20.0,2003.0,12.0,1.0,292.0,3.2,0.0,1.0,1.0,0.0,0.0,0.0,1.0,0.0,0.4,0.4,0.9,1.3,11.0,23.0,26.0,0.0,0.31,0.31,0.0,0.31,0.11,0.28,0.39,0.11,0.39,2023-2024
176,142,143,Hjalmar Ekdal,SWE,DF,Burnley,25.0,1998.0,2.0,1.0,97.0,1.1,0.0,0.0,0.0,0.0,0.0,0.0,1.0,0.0,0.0,0.0,0.1,0.1,2.0,3.0,0.0,0.0,0.0,0.0,0.0,0.0,0.0,0.06,0.06,0.0,0.06,2023-2024
177,69,70,Hugo Bueno,ESP,DF,Wolves,21.0,2002.0,8.0,3.0,295.0,3.3,0.0,0.0,0.0,0.0,0.0,0.0,0.0,0.0,0.2,0.2,0.4,0.6,9.0,3.0,21.0,0.0,0.0,0.0,0.0,0.0,0.05,0.13,0.19,0.05,0.19,2023-2024
178,194,195,Hwang Hee-chan,KOR,MF,Wolves,27.0,1996.0,15.0,12.0,1044.0,11.6,8.0,2.0,10.0,7.0,1.0,1.0,4.0,0.0,4.0,3.2,2.0,5.2,23.0,20.0,51.0,0.69,0.17,0.86,0.6,0.78,0.34,0.17,0.51,0.27,0.45,2023-2024
179,264,265,Ian Maatsen,NED,MF,Chelsea,21.0,2002.0,8.0,0.0,132.0,1.5,0.0,0.0,0.0,0.0,0.0,0.0,1.0,0.0,0.4,0.4,0.1,0.5,5.0,5.0,9.0,0.0,0.0,0.0,0.0,0.0,0.29,0.06,0.35,0.29,0.35,2023-2024
180,403,404,Ibrahim Sangare,CIV,MF,Nott'ham Forest,26.0,1997.0,10.0,10.0,751.0,8.3,0.0,0.0,0.0,0.0,0.0,0.0,4.0,0.0,0.6,0.6,0.3,0.9,4.0,33.0,7.0,0.0,0.0,0.0,0.0,0.0,0.07,0.03,0.1,0.07,0.1,2023-2024
181,240,241,Ibrahima Konate,FRA,DF,Liverpool,24.0,1999.0,10.0,6.0,581.0,6.5,0.0,0.0,0.0,0.0,0.0,0.0,2.0,0.0,0.1,0.1,0.2,0.3,11.0,50.0,1.0,0.0,0.0,0.0,0.0,0.0,0.02,0.03,0.05,0.02,0.05,2023-2024
182,166,167,Idrissa Gana Gueye,SEN,MF,Everton,34.0,1989.0,11.0,10.0,854.0,9.5,1.0,0.0,1.0,1.0,0.0,0.0,3.0,0.0,0.8,0.8,0.6,1.4,16.0,39.0,21.0,0.11,0.0,0.11,0.11,0.11,0.08,0.07,0.15,0.08,0.15,2023-2024
183,204,205,Igor,BRA,DF,Brighton,25.0,1998.0,7.0,6.0,506.0,5.6,0.0,0.0,0.0,0.0,0.0,0.0,2.0,0.0,0.1,0.1,0.2,0.3,10.0,33.0,0.0,0.0,0.0,0.0,0.0,0.0,0.02,0.04,0.06,0.02,0.06,2023-2024
184,489,490,Illia Zabarnyi,UKR,DF,Bournemouth,21.0,2002.0,15.0,15.0,1350.0,15.0,0.0,0.0,0.0,0.0,0.0,0.0,3.0,0.0,0.3,0.3,0.0,0.3,7.0,35.0,0.0,0.0,0.0,0.0,0.0,0.0,0.02,0.0,0.02,0.02,0.02,2023-2024
185,368,369,Ionut Radu,ROU,GK,Bournemouth,26.0,1997.0,2.0,2.0,180.0,2.0,0.0,0.0,0.0,0.0,0.0,0.0,0.0,0.0,0.0,0.0,0.0,0.0,0.0,0.0,0.0,0.0,0.0,0.0,0.0,0.0,0.0,0.0,0.0,0.0,0.0,2023-2024
186,122,123,Issa Diop,FRA,DF,Fulham,26.0,1997.0,8.0,8.0,700.0,7.8,0.0,0.0,0.0,0.0,0.0,0.0,2.0,0.0,0.2,0.2,0.0,0.2,9.0,45.0,0.0,0.0,0.0,0.0,0.0,0.0,0.02,0.0,0.02,0.02,0.02,2023-2024
187,227,228,Issa Kabore,BFA,DF,Luton Town,22.0,2001.0,13.0,11.0,958.0,10.6,0.0,1.0,1.0,0.0,0.0,0.0,4.0,0.0,0.2,0.2,1.5,1.8,30.0,27.0,37.0,0.0,0.09,0.09,0.0,0.09,0.02,0.15,0.17,0.02,0.17,2023-2024
188,360,361,Ivan Perisic,CRO,DF,Tottenham,34.0,1989.0,5.0,0.0,103.0,1.1,0.0,1.0,1.0,0.0,0.0,0.0,2.0,0.0,0.1,0.1,0.9,1.0,15.0,9.0,17.0,0.0,0.87,0.87,0.0,0.87,0.1,0.75,0.85,0.1,0.85,2023-2024
189,95,96,Jack Cork,ENG,MF,Burnley,34.0,1989.0,1.0,0.0,17.0,0.2,0.0,0.0,0.0,0.0,0.0,0.0,0.0,0.0,0.0,0.0,0.0,0.0,2.0,1.0,1.0,0.0,0.0,0.0,0.0,0.0,0.0,0.0,0.0,0.0,0.0,2023-2024
190,180,181,Jack Grealish,ENG,MF,Manchester City,28.0,1995.0,8.0,3.0,368.0,4.1,1.0,1.0,2.0,1.0,0.0,0.0,4.0,0.0,1.0,1.0,1.3,2.3,28.0,20.0,55.0,0.24,0.24,0.49,0.24,0.49,0.25,0.31,0.56,0.25,0.56,2023-2024
191,191,192,Jack Harrison,ENG,MF,Everton,27.0,1996.0,8.0,7.0,617.0,6.9,1.0,3.0,4.0,1.0,0.0,0.0,0.0,0.0,0.9,0.9,1.3,2.2,17.0,15.0,36.0,0.15,0.44,0.58,0.15,0.58,0.13,0.2,0.33,0.13,0.33,2023-2024
192,199,200,Jack Hinshelwood,ENG,MF,Brighton,18.0,2005.0,4.0,3.0,269.0,3.0,1.0,0.0,1.0,1.0,0.0,0.0,1.0,0.0,0.2,0.2,0.4,0.6,1.0,10.0,9.0,0.33,0.0,0.33,0.33,0.33,0.05,0.13,0.19,0.05,0.19,2023-2024
193,388,389,Jack Robinson,ENG,DF,Sheffield Utd,30.0,1993.0,15.0,14.0,1305.0,14.5,0.0,1.0,1.0,0.0,0.0,0.0,4.0,0.0,0.5,0.5,0.3,0.8,2.0,26.0,7.0,0.0,0.07,0.07,0.0,0.07,0.04,0.02,0.06,0.04,0.06,2023-2024
194,66,67,Jacob Brown,SCO,FW,Luton Town,25.0,1998.0,14.0,8.0,692.0,7.7,2.0,0.0,2.0,2.0,0.0,0.0,3.0,0.0,2.5,2.5,0.6,3.0,17.0,12.0,35.0,0.26,0.0,0.26,0.26,0.26,0.32,0.08,0.4,0.32,0.4,2023-2024
195,68,69,Jacob Bruun Larsen,DEN,MF,Burnley,25.0,1998.0,13.0,2.0,324.0,3.6,2.0,0.0,2.0,2.0,0.0,0.0,0.0,0.0,1.0,1.0,0.4,1.4,17.0,10.0,44.0,0.56,0.0,0.56,0.56,0.56,0.28,0.1,0.38,0.28,0.38,2023-2024
196,315,316,Jacob Murphy,ENG,MF,Newcastle Utd,28.0,1995.0,5.0,1.0,121.0,1.3,1.0,3.0,4.0,1.0,0.0,0.0,0.0,0.0,0.1,0.1,1.4,1.5,6.0,10.0,13.0,0.74,2.23,2.98,0.74,2.98,0.07,1.05,1.12,0.07,1.12,2023-2024
197,372,373,Jacob Ramsey,ENG,MF,Aston Villa,22.0,2001.0,5.0,0.0,102.0,1.1,1.0,0.0,1.0,1.0,0.0,0.0,0.0,0.0,0.2,0.2,0.0,0.2,5.0,3.0,6.0,0.88,0.0,0.88,0.88,0.88,0.17,0.0,0.17,0.17,0.17,2023-2024
198,362,363,Jaden Philogene Bidace,ENG,MF,Aston Villa,21.0,2002.0,1.0,0.0,4.0,0.0,0.0,0.0,0.0,0.0,0.0,0.0,0.0,0.0,0.0,0.0,0.0,0.0,2.0,0.0,1.0,0.0,0.0,0.0,0.0,0.0,0.0,0.0,0.0,0.0,0.0,2023-2024
199,402,403,Jadon Sancho,ENG,MF,Manchester Utd,23.0,2000.0,3.0,0.0,79.0,0.9,0.0,0.0,0.0,0.0,0.0,0.0,0.0,0.0,0.0,0.0,0.1,0.1,10.0,4.0,5.0,0.0,0.0,0.0,0.0,0.0,0.0,0.06,0.06,0.0,0.06,2023-2024
200,22,23,Jaidon Anthony,ENG,MF,Bournemouth,24.0,1999.0,3.0,2.0,152.0,1.7,0.0,0.0,0.0,0.0,0.0,0.0,1.0,0.0,0.1,0.1,0.0,0.1,2.0,8.0,9.0,0.0,0.0,0.0,0.0,0.0,0.04,0.0,0.04,0.04,0.04,2023-2024
201,237,238,Jakub Kiwior,POL,DF,Arsenal,23.0,2000.0,6.0,3.0,248.0,2.8,0.0,0.0,0.0,0.0,0.0,0.0,0.0,0.0,0.5,0.5,0.0,0.5,0.0,18.0,4.0,0.0,0.0,0.0,0.0,0.0,0.17,0.0,0.17,0.17,0.17,2023-2024
202,303,304,Jakub Moder,POL,MF,Brighton,24.0,1999.0,2.0,0.0,21.0,0.2,0.0,0.0,0.0,0.0,0.0,0.0,0.0,0.0,0.0,0.0,0.0,0.0,0.0,0.0,0.0,0.0,0.0,0.0,0.0,0.0,0.0,0.0,0.0,0.0,0.0,2023-2024
203,250,251,Jamaal Lascelles,ENG,DF,Newcastle Utd,30.0,1993.0,9.0,8.0,732.0,8.1,1.0,0.0,1.0,1.0,0.0,0.0,3.0,0.0,0.7,0.7,0.1,0.8,5.0,24.0,2.0,0.12,0.0,0.12,0.12,0.12,0.09,0.01,0.1,0.09,0.1,2023-2024
204,168,169,James Garner,ENG,MF,Everton,22.0,2001.0,14.0,13.0,1157.0,12.9,1.0,1.0,2.0,1.0,0.0,0.0,2.0,0.0,1.4,1.4,2.2,3.5,15.0,52.0,29.0,0.08,0.08,0.16,0.08,0.16,0.11,0.17,0.27,0.11,0.27,2023-2024
205,198,199,James Hill,ENG,DF,Bournemouth,21.0,2002.0,1.0,0.0,16.0,0.2,0.0,0.0,0.0,0.0,0.0,0.0,0.0,0.0,0.0,0.0,0.0,0.0,0.0,3.0,1.0,0.0,0.0,0.0,0.0,0.0,0.0,0.0,0.0,0.0,0.0,2023-2024
206,266,267,James Maddison,ENG,MF,Tottenham,27.0,1996.0,11.0,11.0,881.0,9.8,3.0,5.0,8.0,3.0,0.0,0.0,2.0,0.0,2.8,2.8,2.8,5.6,29.0,97.0,70.0,0.31,0.51,0.82,0.31,0.82,0.29,0.29,0.58,0.29,0.58,2023-2024
207,288,289,James McConnell,ENG,MF,Liverpool,19.0,2004.0,1.0,0.0,1.0,0.0,0.0,0.0,0.0,0.0,0.0,0.0,0.0,0.0,0.0,0.0,0.0,0.0,0.0,0.0,0.0,0.0,0.0,0.0,0.0,0.0,0.0,0.0,0.0,0.0,0.0,2023-2024
208,285,286,James Mcatee,ENG,MF,Sheffield Utd,21.0,2002.0,11.0,8.0,729.0,8.1,0.0,1.0,1.0,0.0,0.0,0.0,1.0,0.0,0.8,0.8,0.6,1.4,22.0,17.0,44.0,0.0,0.12,0.12,0.0,0.12,0.1,0.07,0.17,0.1,0.17,2023-2024
209,298,299,James Milner,ENG,MF,Brighton,37.0,1986.0,9.0,5.0,408.0,4.5,0.0,1.0,1.0,0.0,0.0,0.0,3.0,0.0,0.0,0.0,0.5,0.5,4.0,45.0,32.0,0.0,0.22,0.22,0.0,0.22,0.0,0.11,0.11,0.0,0.11,2023-2024
210,431,432,James Tarkowski,ENG,DF,Everton,31.0,1992.0,14.0,14.0,1259.0,14.0,1.0,1.0,2.0,1.0,0.0,0.0,2.0,0.0,1.1,1.1,0.6,1.7,4.0,51.0,9.0,0.07,0.07,0.14,0.07,0.14,0.08,0.04,0.12,0.08,0.12,2023-2024
211,441,442,James Tomkins,ENG,DF,Crystal Palace,34.0,1989.0,1.0,0.0,1.0,0.0,0.0,0.0,0.0,0.0,0.0,0.0,0.0,0.0,0.0,0.0,0.0,0.0,0.0,0.0,0.0,0.0,0.0,0.0,0.0,0.0,0.0,0.0,0.0,0.0,0.0,2023-2024
212,445,446,James Trafford,ENG,GK,Burnley,21.0,2002.0,15.0,15.0,1350.0,15.0,0.0,0.0,0.0,0.0,0.0,0.0,1.0,0.0,0.0,0.0,0.0,0.0,0.0,3.0,0.0,0.0,0.0,0.0,0.0,0.0,0.0,0.0,0.0,0.0,0.0,2023-2024
213,471,472,James Ward-Prowse,ENG,MF,West Ham,29.0,1994.0,13.0,13.0,1142.0,12.7,2.0,5.0,7.0,2.0,0.0,0.0,2.0,0.0,2.0,2.0,3.3,5.3,10.0,53.0,27.0,0.16,0.39,0.55,0.16,0.55,0.16,0.26,0.42,0.16,0.42,2023-2024
214,129,130,Jamie Donley,ENG,FW,Tottenham,18.0,2005.0,1.0,0.0,1.0,0.0,0.0,0.0,0.0,0.0,0.0,0.0,0.0,0.0,0.0,0.0,0.0,0.0,0.0,0.0,0.0,0.0,0.0,0.0,0.0,0.0,0.0,0.0,0.0,0.0,0.0,2023-2024
215,193,194,Jan Paul van Hecke,NED,DF,Brighton,23.0,2000.0,10.0,8.0,749.0,8.3,0.0,0.0,0.0,0.0,0.0,0.0,2.0,0.0,0.3,0.3,0.0,0.3,4.0,43.0,1.0,0.0,0.0,0.0,0.0,0.0,0.04,0.0,0.04,0.04,0.04,2023-2024
216,61,62,Jarrad Branthwaite,ENG,DF,Everton,21.0,2002.0,12.0,12.0,1080.0,12.0,0.0,0.0,0.0,0.0,0.0,0.0,4.0,0.0,0.2,0.2,0.1,0.3,0.0,27.0,2.0,0.0,0.0,0.0,0.0,0.0,0.02,0.01,0.03,0.02,0.03,2023-2024
217,367,368,Jarrell Quansah,ENG,DF,Liverpool,20.0,2003.0,4.0,1.0,117.0,1.3,0.0,0.0,0.0,0.0,0.0,0.0,0.0,0.0,0.0,0.0,0.0,0.0,2.0,6.0,0.0,0.0,0.0,0.0,0.0,0.0,0.0,0.0,0.0,0.0,0.0,2023-2024
218,60,61,Jarrod Bowen,ENG,MF,West Ham,26.0,1996.0,13.0,13.0,1169.0,13.0,8.0,1.0,9.0,8.0,0.0,0.0,1.0,0.0,5.1,5.1,1.8,6.9,28.0,20.0,75.0,0.62,0.08,0.69,0.62,0.69,0.39,0.14,0.53,0.39,0.53,2023-2024
219,425,426,Jason Steele,ENG,GK,Brighton,33.0,1990.0,9.0,9.0,810.0,9.0,0.0,0.0,0.0,0.0,0.0,0.0,0.0,0.0,0.0,0.0,0.0,0.0,0.0,0.0,0.0,0.0,0.0,0.0,0.0,0.0,0.0,0.0,0.0,0.0,0.0,2023-2024
220,390,391,Jay Rodriguez,ENG,FW,Burnley,34.0,1989.0,10.0,5.0,553.0,6.1,2.0,0.0,2.0,1.0,1.0,1.0,0.0,0.0,2.5,1.7,0.1,1.8,0.0,10.0,21.0,0.33,0.0,0.33,0.16,0.16,0.4,0.01,0.41,0.27,0.29,2023-2024
221,57,58,Jayden Bogle,ENG,DF,Sheffield Utd,23.0,2000.0,12.0,10.0,858.0,9.5,1.0,0.0,1.0,1.0,0.0,0.0,3.0,0.0,0.9,0.9,0.3,1.2,9.0,14.0,23.0,0.1,0.0,0.1,0.1,0.1,0.1,0.04,0.13,0.1,0.13,2023-2024
222,383,384,Jairo Riedewald,NED,MF,Crystal Palace,27.0,1996.0,3.0,1.0,96.0,1.1,0.0,0.0,0.0,0.0,0.0,0.0,0.0,0.0,0.0,0.0,0.0,0.0,1.0,3.0,1.0,0.0,0.0,0.0,0.0,0.0,0.0,0.0,0.0,0.0,0.0,2023-2024
223,278,279,Jean-Philippe Mateta,FRA,FW,Crystal Palace,26.0,1997.0,12.0,3.0,407.0,4.5,0.0,3.0,3.0,0.0,0.0,0.0,1.0,0.0,0.4,0.4,1.4,1.8,2.0,5.0,30.0,0.0,0.66,0.66,0.0,0.66,0.09,0.31,0.4,0.09,0.4,2023-2024
224,43,44,Jean-Ricner Bellegarde,FRA,MF,Wolves,25.0,1998.0,7.0,5.0,351.0,3.9,1.0,1.0,2.0,1.0,0.0,0.0,0.0,1.0,0.2,0.2,0.3,0.5,18.0,14.0,11.0,0.26,0.26,0.51,0.26,0.51,0.05,0.09,0.14,0.05,0.14,2023-2024
225,253,254,Jefferson Lerma,COL,MF,Crystal Palace,29.0,1994.0,11.0,11.0,969.0,10.8,0.0,1.0,1.0,0.0,0.0,0.0,2.0,0.0,1.3,1.3,1.6,2.9,9.0,42.0,27.0,0.0,0.09,0.09,0.0,0.09,0.13,0.15,0.27,0.13,0.27,2023-2024
226,408,409,Jeffrey Schlupp,GHA,MF,Crystal Palace,30.0,1992.0,13.0,13.0,905.0,10.1,1.0,0.0,1.0,1.0,0.0,0.0,0.0,0.0,1.4,1.4,0.8,2.2,12.0,24.0,31.0,0.1,0.0,0.1,0.1,0.1,0.14,0.07,0.22,0.14,0.22,2023-2024
227,127,128,Jeremy Doku,BEL,MF,Manchester City,21.0,2002.0,11.0,9.0,694.0,7.7,2.0,5.0,7.0,2.0,0.0,0.0,2.0,0.0,0.9,0.9,2.4,3.2,90.0,23.0,121.0,0.26,0.65,0.91,0.26,0.91,0.11,0.31,0.42,0.11,0.42,2023-2024
228,369,370,Jesuran Rak Sakyi,ENG,MF,Crystal Palace,21.0,2002.0,6.0,0.0,136.0,1.5,0.0,0.0,0.0,0.0,0.0,0.0,0.0,0.0,0.4,0.4,0.2,0.6,7.0,2.0,18.0,0.0,0.0,0.0,0.0,0.0,0.28,0.1,0.38,0.28,0.38,2023-2024
229,138,139,Jhon Duran,COL,FW,Aston Villa,19.0,2003.0,9.0,0.0,101.0,1.1,2.0,0.0,2.0,2.0,0.0,0.0,3.0,0.0,0.8,0.8,0.0,0.8,6.0,3.0,7.0,1.78,0.0,1.78,1.78,1.78,0.7,0.01,0.71,0.7,0.71,2023-2024
230,20,21,Joachim Andersen,DEN,DF,Crystal Palace,27.0,1996.0,15.0,15.0,1350.0,15.0,2.0,1.0,3.0,2.0,0.0,0.0,2.0,0.0,0.9,0.9,1.4,2.3,14.0,79.0,5.0,0.13,0.07,0.2,0.13,0.2,0.06,0.09,0.15,0.06,0.15,2023-2024
231,176,177,Joe Gomez,ENG,DF,Liverpool,26.0,1997.0,12.0,6.0,621.0,6.9,0.0,0.0,0.0,0.0,0.0,0.0,1.0,0.0,0.3,0.3,0.2,0.5,13.0,33.0,44.0,0.0,0.0,0.0,0.0,0.0,0.04,0.03,0.07,0.04,0.07,2023-2024
232,393,394,Joe Rothwell,ENG,MF,Bournemouth,28.0,1995.0,9.0,3.0,362.0,4.0,0.0,0.0,0.0,0.0,0.0,0.0,0.0,0.0,0.1,0.1,0.2,0.3,6.0,19.0,3.0,0.0,0.0,0.0,0.0,0.0,0.02,0.06,0.08,0.02,0.08,2023-2024
233,479,480,Joe Willock,ENG,MF,Newcastle Utd,24.0,1999.0,3.0,1.0,137.0,1.5,0.0,0.0,0.0,0.0,0.0,0.0,0.0,0.0,0.1,0.1,0.3,0.4,6.0,3.0,9.0,0.0,0.0,0.0,0.0,0.0,0.09,0.21,0.29,0.09,0.29,2023-2024
234,485,486,Joe Worrall,ENG,DF,Nott'ham Forest,26.0,1997.0,6.0,5.0,438.0,4.9,0.0,0.0,0.0,0.0,0.0,0.0,0.0,1.0,0.1,0.1,0.2,0.3,0.0,8.0,1.0,0.0,0.0,0.0,0.0,0.0,0.02,0.04,0.06,0.02,0.06,2023-2024
235,470,471,Joel Ward,ENG,DF,Crystal Palace,34.0,1989.0,14.0,14.0,1209.0,13.4,0.0,1.0,1.0,0.0,0.0,0.0,3.0,0.0,0.7,0.7,0.2,0.9,14.0,45.0,14.0,0.0,0.07,0.07,0.0,0.07,0.05,0.02,0.07,0.05,0.07,2023-2024
236,216,217,Joelinton,BRA,MF,Newcastle Utd,27.0,1996.0,11.0,10.0,817.0,9.1,1.0,1.0,2.0,1.0,0.0,0.0,3.0,0.0,1.7,1.7,1.5,3.2,14.0,34.0,43.0,0.11,0.11,0.22,0.11,0.22,0.19,0.16,0.36,0.19,0.36,2023-2024
237,141,142,John Egan,IRL,DF,Sheffield Utd,31.0,1992.0,6.0,6.0,482.0,5.4,0.0,0.0,0.0,0.0,0.0,0.0,2.0,0.0,0.2,0.2,0.0,0.2,0.0,5.0,1.0,0.0,0.0,0.0,0.0,0.0,0.03,0.0,0.03,0.03,0.03,2023-2024
238,157,158,John Fleck,SCO,MF,Sheffield Utd,32.0,1991.0,4.0,1.0,92.0,1.0,0.0,0.0,0.0,0.0,0.0,0.0,1.0,0.0,0.0,0.0,0.4,0.4,2.0,3.0,0.0,0.0,0.0,0.0,0.0,0.0,0.0,0.37,0.37,0.0,0.37,2023-2024
239,289,290,John McGinn,SCO,MF,Aston Villa,29.0,1994.0,15.0,15.0,1260.0,14.0,3.0,2.0,5.0,3.0,0.0,0.0,3.0,0.0,1.8,1.8,2.3,4.1,21.0,85.0,48.0,0.21,0.14,0.36,0.21,0.36,0.13,0.17,0.29,0.13,0.29,2023-2024
240,427,428,John Stones,ENG,DF,Manchester City,29.0,1994.0,5.0,4.0,347.0,3.9,0.0,0.0,0.0,0.0,0.0,0.0,1.0,0.0,0.0,0.0,0.1,0.1,4.0,8.0,6.0,0.0,0.0,0.0,0.0,0.0,0.0,0.04,0.04,0.0,0.04,2023-2024
241,83,84,Jonny Castro,ESP,MF,Wolves,29.0,1994.0,1.0,0.0,5.0,0.1,0.0,0.0,0.0,0.0,0.0,0.0,0.0,0.0,0.0,0.0,0.0,0.0,0.0,0.0,0.0,0.0,0.0,0.0,0.0,0.0,0.0,0.0,0.0,0.0,0.0,2023-2024
242,150,151,Jonny Evans,NIR,DF,Manchester Utd,35.0,1988.0,7.0,5.0,449.0,5.0,0.0,1.0,1.0,0.0,0.0,0.0,1.0,0.0,0.1,0.1,0.2,0.2,1.0,12.0,0.0,0.0,0.2,0.2,0.0,0.2,0.01,0.03,0.04,0.01,0.04,2023-2024
243,30,31,Jordan Ayew,GHA,MF,Crystal Palace,32.0,1991.0,15.0,14.0,1236.0,13.7,1.0,3.0,4.0,1.0,0.0,0.0,4.0,0.0,1.9,1.9,2.0,3.9,42.0,34.0,99.0,0.07,0.22,0.29,0.07,0.29,0.14,0.14,0.29,0.14,0.29,2023-2024
244,52,53,Jordan Beyer,GER,DF,Burnley,23.0,2000.0,10.0,10.0,858.0,9.5,0.0,1.0,1.0,0.0,0.0,0.0,5.0,0.0,0.2,0.2,0.3,0.5,6.0,18.0,0.0,0.0,0.1,0.1,0.0,0.1,0.02,0.03,0.05,0.02,0.05,2023-2024
245,90,91,Jordan Clark,ENG,MF,Luton Town,30.0,1993.0,4.0,0.0,82.0,0.9,0.0,0.0,0.0,0.0,0.0,0.0,1.0,0.0,0.0,0.0,0.0,0.0,1.0,5.0,1.0,0.0,0.0,0.0,0.0,0.0,0.0,0.04,0.04,0.0,0.04,2023-2024
246,363,364,Jordan Pickford,ENG,GK,Everton,29.0,1994.0,14.0,14.0,1260.0,14.0,0.0,0.0,0.0,0.0,0.0,0.0,2.0,0.0,0.0,0.0,0.1,0.1,0.0,0.0,0.0,0.0,0.0,0.0,0.0,0.0,0.0,0.01,0.01,0.0,0.01,2023-2024
247,222,223,Jorginho,ITA,MF,Arsenal,31.0,1991.0,11.0,4.0,386.0,4.3,0.0,0.0,0.0,0.0,0.0,0.0,1.0,0.0,0.1,0.1,0.1,0.2,3.0,36.0,2.0,0.0,0.0,0.0,0.0,0.0,0.02,0.02,0.04,0.02,0.04,2023-2024
248,67,68,Josh Brownhill,ENG,MF,Burnley,27.0,1995.0,14.0,11.0,1050.0,11.7,3.0,0.0,3.0,3.0,0.0,0.0,2.0,0.0,0.8,0.8,0.8,1.6,10.0,40.0,20.0,0.26,0.0,0.26,0.26,0.26,0.07,0.07,0.14,0.07,0.14,2023-2024
249,101,102,Josh Cullen,IRL,MF,Burnley,27.0,1996.0,11.0,10.0,845.0,9.4,0.0,1.0,1.0,0.0,0.0,0.0,5.0,0.0,0.1,0.1,0.6,0.7,5.0,39.0,9.0,0.0,0.11,0.11,0.0,0.11,0.01,0.06,0.07,0.01,0.07,2023-2024
250,109,110,Josh Dasilva,ENG,MF,Brentford,25.0,1998.0,1.0,0.0,10.0,0.1,0.0,0.0,0.0,0.0,0.0,0.0,0.0,0.0,0.0,0.0,0.0,0.0,0.0,0.0,0.0,0.0,0.0,0.0,0.0,0.0,0.0,0.0,0.0,0.0,0.0,2023-2024
251,395,396,Jose Sa,POR,GK,Wolves,30.0,1993.0,14.0,14.0,1192.0,13.2,0.0,0.0,0.0,0.0,0.0,0.0,1.0,0.0,0.0,0.0,0.0,0.0,0.0,0.0,0.0,0.0,0.0,0.0,0.0,0.0,0.0,0.0,0.0,0.0,0.0,2023-2024
252,174,175,Joao Gomes,BRA,MF,Wolves,22.0,2001.0,13.0,12.0,941.0,10.5,0.0,0.0,0.0,0.0,0.0,0.0,5.0,0.0,0.3,0.3,0.5,0.8,6.0,32.0,6.0,0.0,0.0,0.0,0.0,0.0,0.03,0.05,0.07,0.03,0.07,2023-2024
253,349,350,Joao Palhinha,POR,MF,Fulham,28.0,1995.0,12.0,11.0,993.0,11.0,2.0,0.0,2.0,2.0,0.0,0.0,5.0,0.0,0.8,0.8,0.0,0.9,4.0,33.0,6.0,0.18,0.0,0.18,0.18,0.18,0.07,0.0,0.08,0.07,0.08,2023-2024
254,215,216,Joao Pedro,BRA,FW,Brighton,22.0,2001.0,15.0,5.0,755.0,8.4,5.0,1.0,6.0,3.0,2.0,2.0,2.0,0.0,4.6,3.0,1.3,4.3,27.0,33.0,75.0,0.6,0.12,0.72,0.36,0.48,0.55,0.15,0.7,0.36,0.51,2023-2024
255,279,280,Joel Matip,CMR,DF,Liverpool,32.0,1991.0,10.0,9.0,781.0,8.7,0.0,0.0,0.0,0.0,0.0,0.0,2.0,0.0,0.5,0.5,0.1,0.6,8.0,34.0,1.0,0.0,0.0,0.0,0.0,0.0,0.06,0.01,0.06,0.06,0.06,2023-2024
256,460,461,Joel Veltman,NED,DF,Brighton,31.0,1992.0,15.0,8.0,888.0,9.9,0.0,1.0,1.0,0.0,0.0,0.0,1.0,0.0,0.2,0.2,0.4,0.6,16.0,41.0,27.0,0.0,0.1,0.1,0.0,0.1,0.02,0.04,0.06,0.02,0.06,2023-2024
257,185,186,Josko Gvardiol,CRO,DF,Manchester City,21.0,2002.0,11.0,10.0,907.0,10.1,0.0,0.0,0.0,0.0,0.0,0.0,2.0,0.0,0.2,0.2,0.7,0.9,23.0,52.0,17.0,0.0,0.0,0.0,0.0,0.0,0.02,0.07,0.09,0.02,0.09,2023-2024
258,84,85,Julio Cesar Enciso,PAR,MF,Brighton,19.0,2004.0,2.0,1.0,69.0,0.8,0.0,2.0,2.0,0.0,0.0,0.0,1.0,0.0,0.2,0.2,0.7,0.9,5.0,0.0,5.0,0.0,2.61,2.61,0.0,2.61,0.26,0.96,1.22,0.26,1.22,2023-2024
259,17,18,Julian Alvarez,ARG,FW,Manchester City,23.0,2000.0,15.0,15.0,1228.0,13.6,4.0,4.0,8.0,4.0,0.0,0.0,2.0,0.0,3.5,3.5,3.9,7.5,29.0,56.0,79.0,0.29,0.29,0.59,0.29,0.59,0.26,0.29,0.55,0.26,0.55,2023-2024
260,438,439,Jurrien Timber,NED,DF,Arsenal,22.0,2001.0,1.0,1.0,49.0,0.5,0.0,0.0,0.0,0.0,0.0,0.0,1.0,0.0,0.0,0.0,0.0,0.0,0.0,7.0,3.0,0.0,0.0,0.0,0.0,0.0,0.0,0.0,0.0,0.0,0.0,2023-2024
261,238,239,Justin Kluivert,NED,MF,Bournemouth,24.0,1999.0,12.0,8.0,605.0,6.7,1.0,0.0,1.0,1.0,0.0,0.0,1.0,0.0,0.9,0.9,0.4,1.2,16.0,18.0,38.0,0.15,0.0,0.15,0.15,0.15,0.13,0.06,0.18,0.13,0.18,2023-2024
262,48,49,Johann Berg Gudmundsson,ISL,MF,Burnley,33.0,1990.0,10.0,7.0,595.0,6.6,0.0,1.0,1.0,0.0,0.0,0.0,2.0,0.0,0.4,0.4,1.8,2.1,7.0,33.0,36.0,0.0,0.15,0.15,0.0,0.15,0.05,0.27,0.32,0.05,0.32,2023-2024
263,192,193,Kai Havertz,GER,MF,Arsenal,24.0,1999.0,15.0,9.0,829.0,9.2,3.0,1.0,4.0,2.0,1.0,1.0,4.0,0.0,3.3,2.5,0.9,3.5,13.0,40.0,57.0,0.33,0.11,0.43,0.22,0.33,0.36,0.1,0.46,0.28,0.38,2023-2024
264,361,362,Kalvin Phillips,ENG,MF,Manchester City,28.0,1995.0,4.0,0.0,93.0,1.0,0.0,0.0,0.0,0.0,0.0,0.0,0.0,0.0,0.1,0.1,0.0,0.1,7.0,7.0,3.0,0.0,0.0,0.0,0.0,0.0,0.07,0.0,0.07,0.07,0.07,2023-2024
265,301,302,Kaoru Mitoma,JPN,MF,Brighton,26.0,1997.0,14.0,11.0,1104.0,12.3,3.0,4.0,7.0,3.0,0.0,0.0,3.0,0.0,2.8,2.8,2.0,4.8,91.0,42.0,161.0,0.24,0.33,0.57,0.24,0.57,0.23,0.17,0.39,0.23,0.39,2023-2024
266,255,256,Keane Lewis-Potter,ENG,MF,Brentford,22.0,2001.0,9.0,2.0,281.0,3.1,0.0,0.0,0.0,0.0,0.0,0.0,0.0,0.0,1.5,1.5,0.1,1.6,14.0,6.0,36.0,0.0,0.0,0.0,0.0,0.0,0.49,0.04,0.52,0.49,0.52,2023-2024
267,435,436,Kenny Tete,NED,DF,Fulham,28.0,1995.0,6.0,6.0,501.0,5.6,1.0,0.0,1.0,1.0,0.0,0.0,2.0,0.0,0.7,0.7,0.1,0.8,12.0,27.0,28.0,0.18,0.0,0.18,0.18,0.18,0.13,0.01,0.14,0.13,0.14,2023-2024
268,113,114,Kevin De Bruyne,BEL,MF,Manchester City,32.0,1991.0,1.0,1.0,22.0,0.2,0.0,0.0,0.0,0.0,0.0,0.0,0.0,0.0,0.0,0.0,0.2,0.2,0.0,1.0,3.0,0.0,0.0,0.0,0.0,0.0,0.08,0.83,0.91,0.08,0.91,2023-2024
269,406,407,Kevin Schade,GER,MF,Brentford,22.0,2001.0,5.0,3.0,257.0,2.9,1.0,0.0,1.0,1.0,0.0,0.0,0.0,0.0,0.7,0.7,0.4,1.1,3.0,9.0,18.0,0.35,0.0,0.35,0.35,0.35,0.25,0.15,0.4,0.25,0.4,2023-2024
270,306,307,Kieffer Moore,WAL,FW,Bournemouth,31.0,1992.0,6.0,0.0,91.0,1.0,1.0,0.0,1.0,1.0,0.0,0.0,0.0,0.0,1.0,1.0,0.2,1.3,1.0,4.0,13.0,0.99,0.0,0.99,0.99,0.99,1.03,0.21,1.24,1.03,1.24,2023-2024
271,450,451,Kieran Trippier,ENG,DF,Newcastle Utd,33.0,1990.0,14.0,14.0,1217.0,13.5,0.0,7.0,7.0,0.0,0.0,0.0,4.0,0.0,0.2,0.2,5.2,5.4,25.0,99.0,72.0,0.0,0.52,0.52,0.0,0.52,0.02,0.39,0.4,0.02,0.4,2023-2024
272,269,270,Kobbie Mainoo,ENG,MF,Manchester Utd,18.0,2005.0,2.0,2.0,150.0,1.7,0.0,0.0,0.0,0.0,0.0,0.0,0.0,0.0,0.0,0.0,0.0,0.0,0.0,5.0,2.0,0.0,0.0,0.0,0.0,0.0,0.0,0.0,0.0,0.0,0.0,2023-2024
273,283,284,Konstantinos Mavropanos,GRE,DF,West Ham,25.0,1997.0,3.0,2.0,181.0,2.0,0.0,0.0,0.0,0.0,0.0,0.0,1.0,0.0,0.2,0.2,0.0,0.2,1.0,4.0,0.0,0.0,0.0,0.0,0.0,0.0,0.09,0.0,0.09,0.09,0.09,2023-2024
274,453,454,Kostas Tsimikas,GRE,DF,Liverpool,27.0,1996.0,7.0,5.0,450.0,5.0,0.0,3.0,3.0,0.0,0.0,0.0,0.0,0.0,0.0,0.0,0.8,0.8,17.0,23.0,50.0,0.0,0.6,0.6,0.0,0.6,0.01,0.16,0.17,0.01,0.17,2023-2024
275,10,11,Kristoffer Ajer,NOR,DF,Brentford,25.0,1998.0,11.0,8.0,726.0,8.1,0.0,1.0,1.0,0.0,0.0,0.0,4.0,0.0,0.7,0.7,1.6,2.2,14.0,29.0,24.0,0.0,0.12,0.12,0.0,0.12,0.08,0.19,0.28,0.08,0.28,2023-2024
276,304,305,Kudus Mohammed,GHA,MF,West Ham,23.0,2000.0,11.0,5.0,549.0,6.1,3.0,1.0,4.0,3.0,0.0,0.0,2.0,0.0,1.1,1.1,1.0,2.1,27.0,28.0,57.0,0.49,0.16,0.66,0.49,0.66,0.18,0.16,0.34,0.18,0.34,2023-2024
277,493,494,Kurt Zouma,FRA,DF,West Ham,29.0,1994.0,12.0,12.0,1080.0,12.0,1.0,0.0,1.0,1.0,0.0,0.0,1.0,0.0,0.7,0.7,0.0,0.8,2.0,22.0,0.0,0.08,0.0,0.08,0.08,0.08,0.06,0.0,0.06,0.06,0.06,2023-2024
278,468,469,Kyle Walker,ENG,DF,Manchester City,33.0,1990.0,15.0,15.0,1349.0,15.0,0.0,1.0,1.0,0.0,0.0,0.0,1.0,0.0,0.2,0.2,1.3,1.4,35.0,75.0,87.0,0.0,0.07,0.07,0.0,0.07,0.01,0.09,0.1,0.01,0.1,2023-2024
279,115,116,Leander Dendoncker,BEL,MF,Aston Villa,28.0,1995.0,4.0,0.0,8.0,0.1,0.0,0.0,0.0,0.0,0.0,0.0,0.0,0.0,0.0,0.0,0.0,0.0,0.0,0.0,1.0,0.0,0.0,0.0,0.0,0.0,0.0,0.0,0.0,0.0,0.0,2023-2024
280,451,452,Leandro Trossard,BEL,MF,Arsenal,29.0,1994.0,11.0,5.0,511.0,5.7,3.0,1.0,4.0,3.0,0.0,0.0,0.0,0.0,2.0,2.0,1.6,3.6,13.0,30.0,44.0,0.53,0.18,0.7,0.53,0.7,0.35,0.28,0.64,0.35,0.64,2023-2024
281,32,33,Leon Bailey,JAM,MF,Aston Villa,26.0,1997.0,13.0,4.0,548.0,6.1,5.0,3.0,8.0,5.0,0.0,0.0,1.0,0.0,2.6,2.6,2.9,5.6,35.0,19.0,68.0,0.82,0.49,1.31,0.82,1.31,0.43,0.48,0.92,0.43,0.92,2023-2024
282,456,457,Lesley Ugochukwu,FRA,MF,Chelsea,19.0,2004.0,9.0,2.0,215.0,2.4,0.0,0.0,0.0,0.0,0.0,0.0,2.0,0.0,0.0,0.0,0.0,0.0,5.0,14.0,0.0,0.0,0.0,0.0,0.0,0.0,0.0,0.02,0.02,0.0,0.02,2023-2024
283,93,94,Levi Colwill,ENG,DF,Chelsea,20.0,2003.0,14.0,13.0,1130.0,12.6,1.0,1.0,2.0,1.0,0.0,0.0,2.0,0.0,1.1,1.1,1.1,2.2,12.0,36.0,18.0,0.08,0.08,0.16,0.08,0.16,0.09,0.08,0.17,0.09,0.17,2023-2024
284,94,95,Lewis Cook,ENG,MF,Bournemouth,26.0,1997.0,11.0,10.0,883.0,9.8,0.0,0.0,0.0,0.0,0.0,0.0,1.0,1.0,0.1,0.1,0.8,0.8,4.0,35.0,4.0,0.0,0.0,0.0,0.0,0.0,0.01,0.08,0.09,0.01,0.09,2023-2024
285,125,126,Lewis Dobbin,ENG,MF,Everton,20.0,2003.0,4.0,1.0,119.0,1.3,0.0,0.0,0.0,0.0,0.0,0.0,0.0,0.0,0.1,0.1,0.0,0.1,5.0,0.0,6.0,0.0,0.0,0.0,0.0,0.0,0.07,0.02,0.09,0.07,0.09,2023-2024
286,137,138,Lewis Dunk,ENG,DF,Brighton,32.0,1991.0,12.0,12.0,1062.0,11.8,1.0,0.0,1.0,1.0,0.0,0.0,4.0,1.0,1.6,1.6,0.1,1.7,18.0,73.0,6.0,0.08,0.0,0.08,0.08,0.08,0.14,0.01,0.15,0.14,0.15,2023-2024
287,188,189,Lewis Hall,ENG,DF,Newcastle Utd,19.0,2004.0,2.0,1.0,55.0,0.6,0.0,0.0,0.0,0.0,0.0,0.0,0.0,0.0,0.0,0.0,0.0,0.0,1.0,2.0,0.0,0.0,0.0,0.0,0.0,0.0,0.04,0.0,0.04,0.04,0.04,2023-2024
288,297,298,Lewis Miley,ENG,MF,Newcastle Utd,17.0,2006.0,3.0,3.0,244.0,2.7,0.0,1.0,1.0,0.0,0.0,0.0,0.0,0.0,0.3,0.3,0.6,0.9,1.0,9.0,10.0,0.0,0.37,0.37,0.0,0.37,0.11,0.23,0.34,0.11,0.34,2023-2024
289,276,277,Lisandro Martinez,ARG,DF,Manchester Utd,25.0,1998.0,5.0,5.0,375.0,4.2,0.0,1.0,1.0,0.0,0.0,0.0,2.0,0.0,0.0,0.0,0.1,0.1,6.0,26.0,1.0,0.0,0.24,0.24,0.0,0.24,0.0,0.02,0.02,0.0,0.02,2023-2024
290,234,235,Lloyd Kelly,ENG,DF,Bournemouth,25.0,1998.0,9.0,8.0,682.0,7.6,0.0,0.0,0.0,0.0,0.0,0.0,1.0,0.0,0.1,0.1,0.2,0.3,8.0,29.0,6.0,0.0,0.0,0.0,0.0,0.0,0.02,0.03,0.04,0.02,0.04,2023-2024
291,239,240,Luca Koleosho,ITA,MF,Burnley,19.0,2004.0,15.0,13.0,974.0,10.8,1.0,1.0,2.0,1.0,0.0,0.0,0.0,0.0,2.0,2.0,1.3,3.3,53.0,19.0,82.0,0.09,0.09,0.18,0.09,0.18,0.18,0.12,0.3,0.18,0.3,2023-2024
292,121,122,Lucas Digne,FRA,DF,Aston Villa,30.0,1993.0,15.0,15.0,1322.0,14.7,0.0,2.0,2.0,0.0,0.0,0.0,4.0,0.0,0.3,0.3,2.8,3.1,28.0,51.0,144.0,0.0,0.14,0.14,0.0,0.14,0.02,0.19,0.21,0.02,0.21,2023-2024
293,353,354,Lucas Paqueta,BRA,MF,West Ham,26.0,1997.0,13.0,13.0,1151.0,12.8,2.0,1.0,3.0,1.0,1.0,1.0,5.0,0.0,2.5,1.7,2.2,3.9,16.0,84.0,53.0,0.16,0.08,0.23,0.08,0.16,0.19,0.18,0.37,0.13,0.31,2023-2024
294,119,120,Luis Diaz,COL,MF,Liverpool,26.0,1997.0,14.0,10.0,833.0,9.3,3.0,0.0,3.0,3.0,0.0,0.0,0.0,0.0,3.3,3.3,0.9,4.2,32.0,30.0,90.0,0.32,0.0,0.32,0.32,0.32,0.36,0.09,0.45,0.36,0.45,2023-2024
295,417,418,Luis Sinisterra,COL,MF,Bournemouth,24.0,1999.0,8.0,1.0,250.0,2.8,1.0,1.0,2.0,1.0,0.0,0.0,0.0,0.0,1.4,1.4,0.9,2.4,12.0,14.0,21.0,0.36,0.36,0.72,0.36,0.72,0.52,0.34,0.85,0.52,0.85,2023-2024
296,50,51,Luke Berry,ENG,MF,Luton Town,31.0,1992.0,2.0,0.0,28.0,0.3,0.0,0.0,0.0,0.0,0.0,0.0,0.0,0.0,0.0,0.0,0.0,0.0,0.0,0.0,0.0,0.0,0.0,0.0,0.0,0.0,0.0,0.0,0.0,0.0,0.0,2023-2024
297,190,191,Luke Harris,WAL,MF,Fulham,18.0,2005.0,1.0,0.0,75.0,0.8,0.0,0.0,0.0,0.0,0.0,0.0,0.0,0.0,0.3,0.3,0.0,0.3,0.0,1.0,0.0,0.0,0.0,0.0,0.0,0.0,0.33,0.0,0.33,0.33,0.33,2023-2024
298,413,414,Luke Shaw,ENG,DF,Manchester Utd,28.0,1995.0,5.0,5.0,435.0,4.8,0.0,0.0,0.0,0.0,0.0,0.0,2.0,0.0,0.1,0.1,0.9,0.9,4.0,20.0,12.0,0.0,0.0,0.0,0.0,0.0,0.01,0.18,0.19,0.01,0.19,2023-2024
299,436,437,Luke Thomas,ENG,DF,Sheffield Utd,22.0,2001.0,11.0,10.0,828.0,9.2,0.0,0.0,0.0,0.0,0.0,0.0,3.0,0.0,0.5,0.5,0.1,0.6,8.0,33.0,21.0,0.0,0.0,0.0,0.0,0.0,0.06,0.01,0.06,0.06,0.06,2023-2024
300,162,163,Lyle Foster,RSA,FW,Burnley,23.0,2000.0,7.0,7.0,607.0,6.7,3.0,2.0,5.0,3.0,0.0,0.0,0.0,1.0,1.6,1.6,1.2,2.7,18.0,7.0,29.0,0.44,0.3,0.74,0.44,0.74,0.23,0.17,0.4,0.23,0.4,2023-2024
301,224,225,Mads Juel Andersen,DEN,DF,Luton Town,25.0,1997.0,6.0,4.0,372.0,4.1,1.0,0.0,1.0,1.0,0.0,0.0,1.0,0.0,0.3,0.3,0.0,0.3,0.0,7.0,1.0,0.24,0.0,0.24,0.24,0.24,0.06,0.0,0.06,0.06,0.06,2023-2024
302,391,392,Mads Roerslev,DEN,DF,Brentford,24.0,1999.0,12.0,5.0,518.0,5.8,0.0,0.0,0.0,0.0,0.0,0.0,0.0,0.0,0.1,0.1,0.2,0.3,9.0,14.0,25.0,0.0,0.0,0.0,0.0,0.0,0.01,0.04,0.05,0.01,0.05,2023-2024
303,103,104,Mahmoud Dahoud,GER,MF,Brighton,27.0,1996.0,8.0,5.0,407.0,4.5,0.0,1.0,1.0,0.0,0.0,0.0,1.0,1.0,0.1,0.1,0.9,1.0,3.0,10.0,6.0,0.0,0.22,0.22,0.0,0.22,0.02,0.19,0.22,0.02,0.22,2023-2024
304,184,185,Malo Gusto,FRA,DF,Chelsea,20.0,2003.0,9.0,6.0,541.0,6.0,0.0,2.0,2.0,0.0,0.0,0.0,1.0,1.0,0.3,0.3,0.6,0.9,28.0,23.0,40.0,0.0,0.33,0.33,0.0,0.33,0.05,0.09,0.15,0.05,0.15,2023-2024
305,422,423,Manor Solomon,ISR,MF,Tottenham,24.0,1999.0,5.0,2.0,199.0,2.2,0.0,2.0,2.0,0.0,0.0,0.0,1.0,0.0,0.4,0.4,0.8,1.2,17.0,11.0,44.0,0.0,0.9,0.9,0.0,0.9,0.19,0.38,0.56,0.19,0.56,2023-2024
306,11,12,Manuel Akanji,SUI,DF,Manchester City,28.0,1995.0,12.0,12.0,1079.0,12.0,2.0,0.0,2.0,2.0,0.0,0.0,3.0,1.0,0.6,0.6,0.2,0.8,16.0,51.0,14.0,0.17,0.0,0.17,0.17,0.17,0.05,0.02,0.07,0.05,0.07,2023-2024
307,100,101,Marc Cucurella,ESP,DF,Chelsea,25.0,1998.0,8.0,7.0,620.0,6.9,0.0,0.0,0.0,0.0,0.0,0.0,5.0,0.0,0.8,0.8,0.2,0.9,11.0,20.0,24.0,0.0,0.0,0.0,0.0,0.0,0.11,0.02,0.14,0.11,0.14,2023-2024
308,182,183,Marc Guehi,ENG,DF,Crystal Palace,23.0,2000.0,14.0,14.0,1259.0,14.0,0.0,0.0,0.0,0.0,0.0,0.0,1.0,0.0,0.6,0.6,0.4,1.0,10.0,37.0,2.0,0.0,0.0,0.0,0.0,0.0,0.05,0.03,0.07,0.05,0.07,2023-2024
309,412,413,Marcos Senesi,ARG,DF,Bournemouth,26.0,1997.0,13.0,9.0,848.0,9.4,1.0,1.0,2.0,1.0,0.0,0.0,4.0,0.0,0.6,0.6,0.3,0.9,12.0,36.0,0.0,0.11,0.11,0.21,0.11,0.21,0.07,0.03,0.09,0.07,0.09,2023-2024
310,373,374,Marcus Rashford,ENG,MF,Manchester Utd,26.0,1997.0,14.0,13.0,1088.0,12.1,2.0,1.0,3.0,1.0,1.0,1.0,1.0,0.0,4.7,3.9,1.6,5.5,47.0,34.0,108.0,0.17,0.08,0.25,0.08,0.17,0.39,0.13,0.52,0.32,0.46,2023-2024
311,433,434,Marcus Tavernier,ENG,MF,Bournemouth,24.0,1999.0,12.0,10.0,816.0,9.1,2.0,1.0,3.0,2.0,0.0,0.0,0.0,0.0,2.1,2.1,2.1,4.2,31.0,24.0,47.0,0.22,0.11,0.33,0.22,0.33,0.23,0.23,0.46,0.23,0.46,2023-2024
312,251,252,Mario Lemina,GAB,MF,Wolves,30.0,1993.0,13.0,13.0,1151.0,12.8,2.0,0.0,2.0,2.0,0.0,0.0,8.0,1.0,2.6,2.6,0.2,2.8,7.0,31.0,16.0,0.16,0.0,0.16,0.16,0.16,0.2,0.02,0.22,0.2,0.22,2023-2024
313,158,159,Mark Flekken,NED,GK,Brentford,30.0,1993.0,14.0,14.0,1215.0,13.5,0.0,0.0,0.0,0.0,0.0,0.0,1.0,0.0,0.0,0.0,0.0,0.0,0.0,1.0,0.0,0.0,0.0,0.0,0.0,0.0,0.0,0.0,0.0,0.0,0.0,2023-2024
314,135,136,Martin Dubravka,SVK,GK,Newcastle Utd,34.0,1989.0,1.0,0.0,5.0,0.1,0.0,0.0,0.0,0.0,0.0,0.0,0.0,0.0,0.0,0.0,0.0,0.0,0.0,0.0,0.0,0.0,0.0,0.0,0.0,0.0,0.0,0.0,0.0,0.0,0.0,2023-2024
315,494,495,Martin Odegaard,NOR,MF,Arsenal,24.0,1998.0,12.0,12.0,1055.0,11.7,4.0,2.0,6.0,2.0,2.0,2.0,1.0,0.0,2.9,1.3,2.3,3.6,29.0,88.0,64.0,0.34,0.17,0.51,0.17,0.34,0.25,0.19,0.44,0.11,0.31,2023-2024
316,317,318,Marvelous Nakamba,ZIM,MF,Luton Town,29.0,1994.0,12.0,12.0,1059.0,11.8,0.0,0.0,0.0,0.0,0.0,0.0,4.0,0.0,0.2,0.2,0.4,0.6,1.0,35.0,4.0,0.0,0.0,0.0,0.0,0.0,0.02,0.03,0.05,0.02,0.05,2023-2024
317,74,75,Mason Burstow,ENG,FW,Chelsea,20.0,2003.0,2.0,0.0,9.0,0.1,0.0,0.0,0.0,0.0,0.0,0.0,0.0,0.0,0.0,0.0,0.0,0.0,0.0,0.0,1.0,0.0,0.0,0.0,0.0,0.0,0.0,0.0,0.0,0.0,0.0,2023-2024
318,309,310,Mason Mount,ENG,MF,Manchester Utd,24.0,1999.0,8.0,4.0,400.0,4.4,0.0,0.0,0.0,0.0,0.0,0.0,1.0,0.0,0.2,0.2,0.2,0.4,6.0,15.0,26.0,0.0,0.0,0.0,0.0,0.0,0.05,0.04,0.09,0.05,0.09,2023-2024
319,243,244,Mateo Kovacic,CRO,MF,Manchester City,29.0,1994.0,11.0,6.0,590.0,6.6,0.0,0.0,0.0,0.0,0.0,0.0,2.0,0.0,0.6,0.6,0.7,1.3,16.0,40.0,18.0,0.0,0.0,0.0,0.0,0.0,0.09,0.11,0.21,0.09,0.21,2023-2024
320,102,103,Matheus Cunha,BRA,FW,Wolves,24.0,1999.0,15.0,15.0,1239.0,13.8,4.0,3.0,7.0,4.0,0.0,0.0,2.0,0.0,3.8,3.8,1.9,5.7,49.0,32.0,55.0,0.29,0.22,0.51,0.29,0.51,0.28,0.14,0.41,0.28,0.41,2023-2024
321,163,164,Matheus Franca,BRA,FW,Crystal Palace,19.0,2004.0,2.0,0.0,33.0,0.4,0.0,0.0,0.0,0.0,0.0,0.0,0.0,0.0,0.1,0.1,0.3,0.4,1.0,1.0,2.0,0.0,0.0,0.0,0.0,0.0,0.22,0.85,1.08,0.22,1.08,2023-2024
322,326,327,Matheus Nunes,POR,MF,Manchester City,25.0,1998.0,6.0,2.0,225.0,2.5,0.0,1.0,1.0,0.0,0.0,0.0,0.0,0.0,0.0,0.0,0.1,0.1,5.0,10.0,19.0,0.0,0.4,0.4,0.0,0.4,0.0,0.05,0.05,0.0,0.05,2023-2024
323,212,213,Mathias Jensen,DEN,MF,Brentford,27.0,1996.0,12.0,12.0,905.0,10.1,3.0,2.0,5.0,3.0,0.0,0.0,2.0,0.0,0.5,0.5,2.3,2.7,7.0,49.0,33.0,0.3,0.2,0.5,0.3,0.5,0.05,0.23,0.27,0.05,0.27,2023-2024
324,226,227,Mathias Jorgensen,DEN,DF,Brentford,33.0,1990.0,2.0,0.0,8.0,0.1,0.0,0.0,0.0,0.0,0.0,0.0,0.0,0.0,0.0,0.0,0.3,0.3,0.0,4.0,1.0,0.0,0.0,0.0,0.0,0.0,0.0,3.92,3.92,0.0,3.92,2023-2024
325,126,127,Matt Doherty,IRL,DF,Wolves,31.0,1992.0,9.0,1.0,354.0,3.9,0.0,0.0,0.0,0.0,0.0,0.0,1.0,0.0,0.2,0.2,0.7,0.9,2.0,6.0,21.0,0.0,0.0,0.0,0.0,0.0,0.06,0.17,0.22,0.06,0.22,2023-2024
326,384,385,Matt Ritchie,SCO,MF,Newcastle Utd,34.0,1989.0,4.0,0.0,83.0,0.9,0.0,0.0,0.0,0.0,0.0,0.0,1.0,0.0,0.1,0.1,0.0,0.1,1.0,3.0,3.0,0.0,0.0,0.0,0.0,0.0,0.08,0.0,0.08,0.08,0.08,2023-2024
327,430,431,Matt Targett,ENG,DF,Newcastle Utd,28.0,1995.0,3.0,1.0,78.0,0.9,0.0,0.0,0.0,0.0,0.0,0.0,1.0,0.0,0.0,0.0,0.0,0.0,1.0,2.0,0.0,0.0,0.0,0.0,0.0,0.0,0.0,0.03,0.03,0.0,0.03,2023-2024
328,454,455,Matt Turner,USA,GK,Nott'ham Forest,29.0,1994.0,10.0,10.0,900.0,10.0,0.0,0.0,0.0,0.0,0.0,0.0,1.0,0.0,0.0,0.0,0.0,0.0,0.0,0.0,0.0,0.0,0.0,0.0,0.0,0.0,0.0,0.0,0.0,0.0,0.0,2023-2024
329,81,82,Matty Cash,POL,DF,Aston Villa,26.0,1997.0,14.0,13.0,1085.0,12.1,2.0,1.0,3.0,2.0,0.0,0.0,4.0,0.0,3.3,3.3,1.1,4.5,27.0,33.0,45.0,0.17,0.08,0.25,0.17,0.25,0.27,0.1,0.37,0.27,0.37,2023-2024
330,0,1,Max Aarons,ENG,DF,Bournemouth,23.0,2000.0,12.0,11.0,950.0,10.6,0.0,1.0,1.0,0.0,0.0,0.0,1.0,0.0,0.0,0.0,0.8,0.8,16.0,31.0,19.0,0.0,0.09,0.09,0.0,0.09,0.0,0.08,0.08,0.0,0.08,2023-2024
331,236,237,Max Kilman,ENG,DF,Wolves,26.0,1997.0,15.0,15.0,1350.0,15.0,0.0,0.0,0.0,0.0,0.0,0.0,3.0,0.0,0.5,0.5,0.4,0.9,12.0,47.0,1.0,0.0,0.0,0.0,0.0,0.0,0.03,0.03,0.06,0.03,0.06,2023-2024
332,261,262,Max Lowe,ENG,DF,Sheffield Utd,26.0,1997.0,3.0,2.0,127.0,1.4,0.0,0.0,0.0,0.0,0.0,0.0,0.0,0.0,0.0,0.0,0.0,0.0,0.0,4.0,2.0,0.0,0.0,0.0,0.0,0.0,0.0,0.01,0.01,0.0,0.01,2023-2024
333,96,97,Maxwel Cornet,CIV,MF,West Ham,27.0,1996.0,1.0,0.0,1.0,0.0,0.0,0.0,0.0,0.0,0.0,0.0,0.0,0.0,0.0,0.0,0.0,0.0,0.0,0.0,0.0,0.0,0.0,0.0,0.0,0.0,0.0,0.0,0.0,0.0,0.0,2023-2024
334,231,232,Michael Keane,ENG,DF,Everton,30.0,1993.0,4.0,2.0,226.0,2.5,0.0,0.0,0.0,0.0,0.0,0.0,1.0,0.0,0.0,0.0,0.0,0.0,2.0,6.0,0.0,0.0,0.0,0.0,0.0,0.0,0.02,0.0,0.02,0.02,0.02,2023-2024
335,318,319,Michael Ndiweni,ENG,FW,Newcastle Utd,20.0,2003.0,1.0,0.0,1.0,0.0,0.0,0.0,0.0,0.0,0.0,0.0,0.0,0.0,0.0,0.0,0.0,0.0,0.0,0.0,0.0,0.0,0.0,0.0,0.0,0.0,0.0,0.0,0.0,0.0,0.0,2023-2024
336,330,331,Michael Obafemi,IRL,FW,Burnley,23.0,2000.0,2.0,0.0,20.0,0.2,0.0,0.0,0.0,0.0,0.0,0.0,0.0,0.0,0.1,0.1,0.0,0.1,0.0,0.0,3.0,0.0,0.0,0.0,0.0,0.0,0.4,0.0,0.4,0.4,0.4,2023-2024
337,334,335,Michael Olakigbe,ENG,MF,Brentford,19.0,2004.0,4.0,0.0,16.0,0.2,0.0,0.0,0.0,0.0,0.0,0.0,0.0,0.0,0.1,0.1,0.0,0.1,6.0,3.0,10.0,0.0,0.0,0.0,0.0,0.0,0.57,0.0,0.57,0.57,0.57,2023-2024
338,335,336,Michael Olise,FRA,MF,Crystal Palace,21.0,2001.0,4.0,3.0,294.0,3.3,1.0,0.0,1.0,1.0,0.0,0.0,0.0,0.0,0.7,0.7,1.2,1.9,8.0,10.0,32.0,0.31,0.0,0.31,0.31,0.31,0.22,0.36,0.58,0.22,0.58,2023-2024
339,23,24,Michail Antonio,JAM,FW,West Ham,33.0,1990.0,12.0,11.0,813.0,9.0,2.0,2.0,4.0,2.0,0.0,0.0,2.0,0.0,1.8,1.8,0.7,2.5,25.0,10.0,46.0,0.22,0.22,0.44,0.22,0.44,0.2,0.07,0.28,0.2,0.28,2023-2024
340,461,462,Micky van de Ven,NED,DF,Tottenham,22.0,2001.0,11.0,11.0,943.0,10.5,1.0,0.0,1.0,1.0,0.0,0.0,1.0,0.0,0.3,0.3,0.0,0.3,9.0,34.0,1.0,0.1,0.0,0.1,0.1,0.1,0.03,0.0,0.03,0.03,0.03,2023-2024
341,15,16,Miguel Almiron,PAR,MF,Newcastle Utd,29.0,1994.0,14.0,12.0,924.0,10.3,2.0,1.0,3.0,2.0,0.0,0.0,1.0,0.0,1.7,1.7,0.9,2.6,43.0,37.0,89.0,0.19,0.1,0.29,0.19,0.29,0.17,0.09,0.26,0.17,0.26,2023-2024
342,449,450,Mike Tresor,BEL,MF,Burnley,24.0,1999.0,8.0,2.0,260.0,2.9,0.0,0.0,0.0,0.0,0.0,0.0,0.0,0.0,0.5,0.5,0.3,0.7,10.0,7.0,18.0,0.0,0.0,0.0,0.0,0.0,0.16,0.09,0.25,0.16,0.25,2023-2024
343,106,107,Mikkel Damsgaard,DEN,MF,Brentford,23.0,2000.0,3.0,0.0,76.0,0.8,0.0,0.0,0.0,0.0,0.0,0.0,0.0,0.0,0.1,0.1,0.0,0.1,0.0,6.0,0.0,0.0,0.0,0.0,0.0,0.0,0.09,0.0,0.09,0.09,0.09,2023-2024
344,235,236,Milos Kerkez,HUN,DF,Bournemouth,20.0,2003.0,14.0,12.0,1071.0,11.9,0.0,1.0,1.0,0.0,0.0,0.0,2.0,0.0,0.2,0.2,0.3,0.5,20.0,19.0,45.0,0.0,0.08,0.08,0.0,0.08,0.01,0.03,0.04,0.01,0.04,2023-2024
345,145,146,Mohamed Elneny,EGY,MF,Arsenal,31.0,1992.0,1.0,0.0,2.0,0.0,0.0,0.0,0.0,0.0,0.0,0.0,0.0,0.0,0.0,0.0,0.0,0.0,0.0,0.0,0.0,0.0,0.0,0.0,0.0,0.0,0.0,0.0,0.0,0.0,0.0,2023-2024
346,397,398,Mohamed Salah,EGY,MF,Liverpool,31.0,1992.0,15.0,15.0,1289.0,14.3,10.0,6.0,16.0,7.0,3.0,4.0,1.0,0.0,10.2,6.9,6.0,12.9,43.0,70.0,153.0,0.7,0.42,1.12,0.49,0.91,0.71,0.42,1.13,0.48,0.9,2023-2024
347,75,76,Moises Caicedo,ECU,MF,Chelsea,22.0,2001.0,13.0,11.0,1004.0,11.2,0.0,0.0,0.0,0.0,0.0,0.0,3.0,0.0,0.2,0.2,0.9,1.0,5.0,50.0,9.0,0.0,0.0,0.0,0.0,0.0,0.02,0.08,0.09,0.02,0.09,2023-2024
348,170,171,Morgan Gibbs-White,ENG,MF,Nott'ham Forest,23.0,2000.0,15.0,13.0,1238.0,13.8,1.0,2.0,3.0,0.0,1.0,1.0,3.0,0.0,2.6,1.8,2.5,4.3,35.0,55.0,86.0,0.07,0.15,0.22,0.0,0.15,0.19,0.18,0.37,0.13,0.31,2023-2024
349,116,117,Moussa Diaby,FRA,MF,Aston Villa,24.0,1999.0,15.0,13.0,1012.0,11.2,3.0,4.0,7.0,3.0,0.0,0.0,0.0,0.0,2.7,2.7,3.8,6.6,40.0,35.0,85.0,0.27,0.36,0.62,0.27,0.62,0.24,0.34,0.58,0.24,0.58,2023-2024
350,322,323,Moussa Niakhate,SEN,DF,Nott'ham Forest,27.0,1996.0,9.0,6.0,555.0,6.2,0.0,0.0,0.0,0.0,0.0,0.0,4.0,1.0,0.1,0.1,0.0,0.1,4.0,19.0,3.0,0.0,0.0,0.0,0.0,0.0,0.01,0.0,0.01,0.01,0.01,2023-2024
351,313,314,Murillo,BRA,MF,Nott'ham Forest,21.0,2002.0,9.0,9.0,795.0,8.8,0.0,0.0,0.0,0.0,0.0,0.0,1.0,0.0,0.7,0.7,0.2,0.9,13.0,30.0,4.0,0.0,0.0,0.0,0.0,0.0,0.08,0.03,0.1,0.08,0.1,2023-2024
352,311,312,Mykhailo Mudryk,UKR,MF,Chelsea,22.0,2001.0,13.0,6.0,547.0,6.1,2.0,1.0,3.0,2.0,0.0,0.0,2.0,0.0,1.1,1.1,1.2,2.2,32.0,7.0,38.0,0.33,0.16,0.49,0.33,0.49,0.18,0.19,0.37,0.18,0.37,2023-2024
353,357,358,Myles Peart-Harris,ENG,MF,Brentford,21.0,2002.0,2.0,0.0,8.0,0.1,0.0,0.0,0.0,0.0,0.0,0.0,0.0,0.0,0.0,0.0,0.0,0.0,0.0,0.0,0.0,0.0,0.0,0.0,0.0,0.0,0.0,0.0,0.0,0.0,0.0,2023-2024
354,6,7,Naouirou Ahamada,FRA,MF,Crystal Palace,21.0,2002.0,8.0,0.0,115.0,1.3,0.0,0.0,0.0,0.0,0.0,0.0,0.0,0.0,0.1,0.1,0.0,0.1,9.0,9.0,16.0,0.0,0.0,0.0,0.0,0.0,0.06,0.03,0.08,0.06,0.08,2023-2024
355,12,13,Nathan Ake,NED,DF,Manchester City,28.0,1995.0,11.0,7.0,647.0,7.2,2.0,1.0,3.0,2.0,0.0,0.0,0.0,0.0,1.1,1.1,0.9,1.9,11.0,41.0,8.0,0.28,0.14,0.42,0.28,0.42,0.15,0.12,0.27,0.15,0.27,2023-2024
356,92,93,Nathan Collins,IRL,DF,Brentford,22.0,2001.0,12.0,11.0,1000.0,11.1,1.0,1.0,2.0,1.0,0.0,0.0,2.0,0.0,0.6,0.6,1.0,1.6,4.0,39.0,6.0,0.09,0.09,0.18,0.09,0.18,0.05,0.09,0.14,0.05,0.14,2023-2024
357,356,357,Nathan Patterson,SCO,DF,Everton,22.0,2001.0,12.0,5.0,545.0,6.1,0.0,1.0,1.0,0.0,0.0,0.0,1.0,0.0,0.3,0.3,1.1,1.4,13.0,23.0,23.0,0.0,0.17,0.17,0.0,0.17,0.06,0.18,0.23,0.06,0.23,2023-2024
358,376,377,Nathan Redmond,ENG,MF,Burnley,29.0,1994.0,8.0,0.0,108.0,1.2,0.0,0.0,0.0,0.0,0.0,0.0,0.0,0.0,0.0,0.0,0.3,0.3,4.0,6.0,18.0,0.0,0.0,0.0,0.0,0.0,0.0,0.25,0.25,0.0,0.25,2023-2024
359,91,92,Nathaniel Clyne,ENG,DF,Crystal Palace,32.0,1991.0,4.0,1.0,194.0,2.2,0.0,0.0,0.0,0.0,0.0,0.0,0.0,0.0,0.0,0.0,0.0,0.0,3.0,7.0,5.0,0.0,0.0,0.0,0.0,0.0,0.01,0.0,0.01,0.01,0.01,2023-2024
360,5,6,Nayef Aguerd,MAR,DF,West Ham,27.0,1996.0,13.0,13.0,1146.0,12.7,1.0,0.0,1.0,1.0,0.0,0.0,3.0,1.0,0.9,0.9,0.2,1.1,7.0,37.0,0.0,0.08,0.0,0.08,0.08,0.08,0.07,0.02,0.09,0.07,0.09,2023-2024
361,281,282,Neal Maupay,FRA,FW,Brentford,27.0,1996.0,10.0,4.0,465.0,5.2,2.0,2.0,4.0,2.0,0.0,0.0,2.0,0.0,3.4,3.4,1.3,4.7,7.0,12.0,35.0,0.39,0.39,0.77,0.39,0.77,0.65,0.26,0.91,0.65,0.91,2023-2024
362,477,478,Neco Williams,WAL,DF,Nott'ham Forest,22.0,2001.0,6.0,1.0,126.0,1.4,0.0,0.0,0.0,0.0,0.0,0.0,0.0,0.0,0.0,0.0,0.2,0.3,3.0,4.0,8.0,0.0,0.0,0.0,0.0,0.0,0.01,0.17,0.18,0.01,0.18,2023-2024
363,320,321,Neto,BRA,GK,Bournemouth,34.0,1989.0,13.0,13.0,1170.0,13.0,0.0,0.0,0.0,0.0,0.0,0.0,3.0,0.0,0.0,0.0,0.0,0.0,0.0,0.0,0.0,0.0,0.0,0.0,0.0,0.0,0.0,0.0,0.0,0.0,0.0,2023-2024
364,365,366,Nick Pope,ENG,GK,Newcastle Utd,31.0,1992.0,14.0,14.0,1255.0,13.9,0.0,0.0,0.0,0.0,0.0,0.0,0.0,0.0,0.0,0.0,0.0,0.0,0.0,0.0,0.0,0.0,0.0,0.0,0.0,0.0,0.0,0.0,0.0,0.0,0.0,2023-2024
365,209,210,Nicolas Jackson,SEN,FW,Chelsea,22.0,2001.0,14.0,12.0,1077.0,12.0,6.0,1.0,7.0,6.0,0.0,0.0,7.0,0.0,8.4,8.4,1.1,9.5,27.0,23.0,68.0,0.5,0.08,0.58,0.5,0.58,0.7,0.09,0.79,0.7,0.79,2023-2024
366,128,129,Nicolas Dominguez,ARG,MF,Nott'ham Forest,25.0,1998.0,9.0,9.0,648.0,7.2,1.0,0.0,1.0,1.0,0.0,0.0,1.0,0.0,0.6,0.6,0.0,0.6,4.0,38.0,20.0,0.14,0.0,0.14,0.14,0.14,0.08,0.0,0.08,0.08,0.08,2023-2024
367,490,491,Nicolo Zaniolo,ITA,MF,Aston Villa,24.0,1999.0,10.0,7.0,469.0,5.2,0.0,0.0,0.0,0.0,0.0,0.0,3.0,0.0,1.5,1.5,0.7,2.2,21.0,17.0,34.0,0.0,0.0,0.0,0.0,0.0,0.28,0.14,0.43,0.28,0.43,2023-2024
368,267,268,Noni Madueke,ENG,MF,Chelsea,21.0,2002.0,6.0,1.0,123.0,1.4,0.0,0.0,0.0,0.0,0.0,0.0,0.0,0.0,0.2,0.2,0.2,0.4,9.0,4.0,31.0,0.0,0.0,0.0,0.0,0.0,0.14,0.12,0.26,0.14,0.26,2023-2024
369,432,433,Nuno Tavares,POR,DF,Nott'ham Forest,23.0,2000.0,3.0,1.0,95.0,1.1,0.0,0.0,0.0,0.0,0.0,0.0,2.0,0.0,0.0,0.0,0.0,0.0,3.0,1.0,1.0,0.0,0.0,0.0,0.0,0.0,0.0,0.0,0.0,0.0,0.0,2023-2024
370,410,411,Nelson Semedo,POR,DF,Wolves,30.0,1993.0,14.0,14.0,1229.0,13.7,0.0,1.0,1.0,0.0,0.0,0.0,4.0,0.0,0.7,0.7,0.4,1.1,38.0,43.0,58.0,0.0,0.07,0.07,0.0,0.07,0.05,0.03,0.08,0.05,0.08,2023-2024
371,467,468,Odisseas Vlachodimos,GRE,GK,Nott'ham Forest,29.0,1994.0,5.0,5.0,450.0,5.0,0.0,0.0,0.0,0.0,0.0,0.0,0.0,0.0,0.0,0.0,0.0,0.0,0.0,1.0,0.0,0.0,0.0,0.0,0.0,0.0,0.0,0.01,0.01,0.0,0.01,2023-2024
372,140,141,Odsonne Edouard,FRA,FW,Crystal Palace,25.0,1998.0,14.0,14.0,1197.0,13.3,6.0,0.0,6.0,6.0,0.0,0.0,3.0,0.0,4.9,4.9,0.9,5.8,26.0,25.0,74.0,0.45,0.0,0.45,0.45,0.45,0.37,0.06,0.43,0.37,0.43,2023-2024
373,8,9,Ola Aina,NGA,DF,Nott'ham Forest,27.0,1996.0,11.0,10.0,807.0,9.0,1.0,1.0,2.0,1.0,0.0,0.0,3.0,0.0,0.1,0.1,0.5,0.6,22.0,24.0,18.0,0.11,0.11,0.22,0.11,0.22,0.01,0.05,0.07,0.01,0.07,2023-2024
374,492,493,Oleksandr Zinchenko,UKR,DF,Arsenal,26.0,1996.0,14.0,10.0,873.0,9.7,1.0,1.0,2.0,1.0,0.0,0.0,1.0,0.0,0.4,0.4,1.3,1.7,16.0,117.0,32.0,0.1,0.1,0.21,0.1,0.21,0.04,0.14,0.17,0.04,0.17,2023-2024
375,287,288,Oliver McBurnie,SCO,FW,Sheffield Utd,27.0,1996.0,8.0,6.0,519.0,5.8,2.0,1.0,3.0,1.0,1.0,1.0,5.0,2.0,2.4,1.6,0.7,2.3,2.0,13.0,27.0,0.35,0.17,0.52,0.17,0.35,0.41,0.12,0.53,0.27,0.39,2023-2024
376,324,325,Oliver Norwood,NIR,MF,Sheffield Utd,32.0,1991.0,14.0,12.0,1066.0,11.8,1.0,0.0,1.0,0.0,1.0,1.0,5.0,0.0,1.0,0.2,0.5,0.7,2.0,56.0,7.0,0.08,0.0,0.08,0.0,0.0,0.09,0.04,0.13,0.02,0.06,2023-2024
377,418,419,Oliver Skipp,ENG,MF,Tottenham,23.0,2000.0,9.0,1.0,211.0,2.3,0.0,0.0,0.0,0.0,0.0,0.0,1.0,0.0,0.0,0.0,0.2,0.2,0.0,10.0,8.0,0.0,0.0,0.0,0.0,0.0,0.0,0.1,0.1,0.0,0.1,2023-2024
378,473,474,Ollie Watkins,ENG,FW,Aston Villa,27.0,1995.0,15.0,15.0,1306.0,14.5,8.0,6.0,14.0,8.0,0.0,0.0,3.0,0.0,8.1,8.1,2.8,10.9,24.0,21.0,85.0,0.55,0.41,0.96,0.55,0.96,0.56,0.19,0.75,0.56,0.75,2023-2024
379,270,271,Orel Mangala,BEL,MF,Nott'ham Forest,25.0,1998.0,14.0,14.0,1182.0,13.1,1.0,0.0,1.0,1.0,0.0,0.0,4.0,0.0,0.3,0.3,0.2,0.5,10.0,37.0,8.0,0.08,0.0,0.08,0.08,0.08,0.02,0.01,0.04,0.02,0.04,2023-2024
380,56,57,Oscar Bobb,NOR,MF,Manchester City,20.0,2003.0,5.0,0.0,71.0,0.8,0.0,1.0,1.0,0.0,0.0,0.0,0.0,0.0,0.0,0.0,0.6,0.6,5.0,10.0,7.0,0.0,1.27,1.27,0.0,1.27,0.0,0.78,0.78,0.0,0.78,2023-2024
381,161,162,Pablo Fornals,ESP,MF,West Ham,27.0,1996.0,9.0,1.0,174.0,1.9,0.0,0.0,0.0,0.0,0.0,0.0,0.0,0.0,0.3,0.3,0.2,0.5,2.0,15.0,14.0,0.0,0.0,0.0,0.0,0.0,0.15,0.12,0.27,0.15,0.27,2023-2024
382,405,406,Pablo Sarabia,ESP,MF,Wolves,31.0,1992.0,8.0,3.0,299.0,3.3,1.0,2.0,3.0,1.0,0.0,0.0,1.0,0.0,0.9,0.9,2.6,3.5,7.0,18.0,25.0,0.3,0.6,0.9,0.3,0.9,0.27,0.77,1.04,0.27,1.04,2023-2024
383,277,278,Pape Matar Sarr,SEN,MF,Tottenham,21.0,2002.0,12.0,11.0,830.0,9.2,1.0,2.0,3.0,1.0,0.0,0.0,3.0,0.0,1.7,1.7,1.2,2.9,18.0,67.0,38.0,0.11,0.22,0.33,0.11,0.33,0.18,0.13,0.31,0.18,0.31,2023-2024
384,181,182,Pascal Gross,GER,MF,Brighton,32.0,1991.0,13.0,12.0,1102.0,12.2,3.0,4.0,7.0,3.0,0.0,0.0,2.0,0.0,2.0,2.0,2.7,4.7,32.0,109.0,60.0,0.25,0.33,0.57,0.25,0.57,0.16,0.22,0.38,0.16,0.38,2023-2024
385,443,444,Pau Torres,ESP,DF,Aston Villa,26.0,1997.0,15.0,14.0,1320.0,14.7,2.0,0.0,2.0,2.0,0.0,0.0,1.0,0.0,0.9,0.9,0.2,1.1,26.0,79.0,8.0,0.14,0.0,0.14,0.14,0.14,0.06,0.01,0.08,0.06,0.08,2023-2024
386,136,137,Paul Dummett,WAL,DF,Newcastle Utd,32.0,1991.0,1.0,0.0,5.0,0.1,0.0,0.0,0.0,0.0,0.0,0.0,0.0,0.0,0.0,0.0,0.0,0.0,0.0,1.0,0.0,0.0,0.0,0.0,0.0,0.0,0.0,0.0,0.0,0.0,0.0,2023-2024
387,321,322,Pedro Neto,POR,MF,Wolves,23.0,2000.0,10.0,10.0,886.0,9.8,1.0,7.0,8.0,1.0,0.0,0.0,3.0,0.0,2.3,2.3,2.7,5.1,51.0,31.0,81.0,0.1,0.71,0.81,0.1,0.81,0.24,0.28,0.51,0.24,0.51,2023-2024
388,366,367,Pedro Porro,ESP,DF,Tottenham,24.0,1999.0,13.0,13.0,1166.0,13.0,0.0,3.0,3.0,0.0,0.0,0.0,2.0,0.0,1.1,1.1,3.0,4.1,13.0,65.0,50.0,0.0,0.23,0.23,0.0,0.23,0.09,0.23,0.32,0.09,0.32,2023-2024
389,394,395,Pelly Ruddock Mpanzu,COD,MF,Luton Town,30.0,1993.0,14.0,8.0,716.0,8.0,0.0,0.0,0.0,0.0,0.0,0.0,0.0,0.0,0.5,0.5,0.4,0.9,7.0,27.0,9.0,0.0,0.0,0.0,0.0,0.0,0.06,0.05,0.11,0.06,0.11,2023-2024
390,149,150,Pervis Estupinan,ECU,DF,Brighton,25.0,1998.0,6.0,6.0,495.0,5.5,1.0,3.0,4.0,1.0,0.0,0.0,2.0,0.0,0.9,0.9,2.8,3.6,22.0,41.0,36.0,0.18,0.55,0.73,0.18,0.73,0.16,0.5,0.66,0.16,0.66,2023-2024
391,159,160,Phil Foden,ENG,MF,Manchester City,23.0,2000.0,15.0,13.0,1155.0,12.8,4.0,3.0,7.0,4.0,0.0,0.0,1.0,0.0,3.6,3.6,2.0,5.6,27.0,61.0,106.0,0.31,0.23,0.55,0.31,0.55,0.28,0.16,0.44,0.28,0.44,2023-2024
392,53,54,Philip Billing,DEN,MF,Bournemouth,27.0,1996.0,14.0,11.0,1006.0,11.2,1.0,2.0,3.0,1.0,0.0,0.0,3.0,0.0,1.7,1.7,1.9,3.6,13.0,35.0,35.0,0.09,0.18,0.27,0.09,0.27,0.15,0.17,0.32,0.15,0.32,2023-2024
393,98,99,Philippe Coutinho,BRA,MF,Aston Villa,31.0,1992.0,2.0,0.0,25.0,0.3,0.0,0.0,0.0,0.0,0.0,0.0,0.0,0.0,0.1,0.1,0.0,0.1,5.0,5.0,2.0,0.0,0.0,0.0,0.0,0.0,0.52,0.0,0.52,0.52,0.52,2023-2024
394,202,203,Pierre Hojbjerg,DEN,MF,Tottenham,28.0,1995.0,13.0,2.0,486.0,5.4,0.0,0.0,0.0,0.0,0.0,0.0,3.0,0.0,0.2,0.2,0.0,0.2,7.0,40.0,11.0,0.0,0.0,0.0,0.0,0.0,0.03,0.01,0.04,0.03,0.04,2023-2024
395,426,427,Raheem Sterling,ENG,MF,Chelsea,28.0,1994.0,15.0,14.0,1230.0,13.7,5.0,1.0,6.0,5.0,0.0,0.0,4.0,0.0,3.2,3.2,2.4,5.6,82.0,39.0,153.0,0.37,0.07,0.44,0.37,0.44,0.23,0.18,0.41,0.23,0.41,2023-2024
396,458,459,Raphael Varane,FRA,DF,Manchester Utd,30.0,1993.0,8.0,4.0,343.0,3.8,1.0,0.0,1.0,1.0,0.0,0.0,0.0,0.0,1.1,1.1,0.1,1.2,6.0,26.0,1.0,0.26,0.0,0.26,0.26,0.26,0.3,0.02,0.31,0.3,0.31,2023-2024
397,203,204,Rasmus Hojlund,DEN,FW,Manchester Utd,20.0,2003.0,11.0,9.0,760.0,8.4,0.0,0.0,0.0,0.0,0.0,0.0,0.0,0.0,2.5,2.5,0.6,3.1,8.0,11.0,50.0,0.0,0.0,0.0,0.0,0.0,0.3,0.07,0.37,0.3,0.37,2023-2024
398,9,10,Rayan Ait Nouri,ALG,DF,Wolves,22.0,2001.0,13.0,12.0,888.0,9.9,0.0,0.0,0.0,0.0,0.0,0.0,4.0,0.0,1.2,1.2,0.8,2.0,19.0,45.0,38.0,0.0,0.0,0.0,0.0,0.0,0.13,0.08,0.21,0.13,0.21,2023-2024
399,214,215,Raul Jimenez,MEX,FW,Fulham,32.0,1991.0,14.0,12.0,923.0,10.3,3.0,0.0,3.0,3.0,0.0,0.0,2.0,0.0,3.3,3.3,0.8,4.1,5.0,11.0,58.0,0.29,0.0,0.29,0.29,0.29,0.32,0.08,0.4,0.32,0.4,2023-2024
400,72,73,Reece Burke,ENG,DF,Luton Town,27.0,1996.0,8.0,7.0,595.0,6.6,0.0,1.0,1.0,0.0,0.0,0.0,1.0,0.0,0.4,0.4,0.4,0.8,0.0,24.0,9.0,0.0,0.15,0.15,0.0,0.15,0.06,0.06,0.12,0.06,0.12,2023-2024
401,210,211,Reece James,ENG,DF,Chelsea,23.0,1999.0,7.0,4.0,362.0,4.0,0.0,1.0,1.0,0.0,0.0,0.0,2.0,1.0,0.3,0.3,1.5,1.8,18.0,20.0,33.0,0.0,0.25,0.25,0.0,0.25,0.08,0.36,0.44,0.08,0.44,2023-2024
402,319,320,Reiss Nelson,ENG,MF,Arsenal,23.0,1999.0,5.0,0.0,65.0,0.7,0.0,0.0,0.0,0.0,0.0,0.0,0.0,0.0,0.0,0.0,0.5,0.5,2.0,0.0,6.0,0.0,0.0,0.0,0.0,0.0,0.03,0.65,0.68,0.03,0.68,2023-2024
403,62,63,Rhian Brewster,ENG,FW,Sheffield Utd,23.0,2000.0,5.0,2.0,165.0,1.8,0.0,0.0,0.0,0.0,0.0,0.0,0.0,0.0,0.0,0.0,0.1,0.1,1.0,1.0,11.0,0.0,0.0,0.0,0.0,0.0,0.01,0.03,0.05,0.01,0.05,2023-2024
404,382,383,Richarlison,BRA,MF,Tottenham,26.0,1997.0,11.0,7.0,542.0,6.0,1.0,3.0,4.0,1.0,0.0,0.0,2.0,0.0,2.7,2.7,1.1,3.8,10.0,18.0,56.0,0.17,0.5,0.66,0.17,0.66,0.46,0.18,0.64,0.46,0.64,2023-2024
405,195,196,Rico Henry,ENG,DF,Brentford,26.0,1997.0,5.0,5.0,401.0,4.5,0.0,1.0,1.0,0.0,0.0,0.0,1.0,0.0,0.1,0.1,1.0,1.1,13.0,20.0,12.0,0.0,0.22,0.22,0.0,0.22,0.02,0.22,0.24,0.02,0.24,2023-2024
406,254,255,Rico Lewis,ENG,DF,Manchester City,19.0,2004.0,7.0,3.0,252.0,2.8,0.0,0.0,0.0,0.0,0.0,0.0,1.0,0.0,0.0,0.0,0.2,0.2,3.0,7.0,10.0,0.0,0.0,0.0,0.0,0.0,0.0,0.06,0.06,0.0,0.06,2023-2024
407,401,402,Robert Sanchez,ESP,GK,Chelsea,26.0,1997.0,15.0,15.0,1350.0,15.0,0.0,0.0,0.0,0.0,0.0,0.0,2.0,0.0,0.0,0.0,0.0,0.0,0.0,1.0,0.0,0.0,0.0,0.0,0.0,0.0,0.0,0.0,0.0,0.0,0.0,2023-2024
408,336,337,Robin Olsen,SWE,GK,Aston Villa,33.0,1990.0,1.0,1.0,90.0,1.0,0.0,0.0,0.0,0.0,0.0,0.0,0.0,0.0,0.0,0.0,0.0,0.0,0.0,0.0,0.0,0.0,0.0,0.0,0.0,0.0,0.0,0.0,0.0,0.0,0.0,2023-2024
409,389,390,Rodri,ESP,MF,Manchester City,27.0,1996.0,12.0,12.0,1000.0,11.1,3.0,2.0,5.0,3.0,0.0,0.0,5.0,1.0,1.4,1.4,1.3,2.7,23.0,110.0,19.0,0.27,0.18,0.45,0.27,0.45,0.13,0.11,0.24,0.13,0.24,2023-2024
410,46,47,Rodrigo Bentancur,URU,MF,Tottenham,26.0,1997.0,4.0,1.0,90.0,1.0,0.0,0.0,0.0,0.0,0.0,0.0,1.0,0.0,0.6,0.6,0.1,0.7,0.0,7.0,0.0,0.0,0.0,0.0,0.0,0.0,0.56,0.12,0.67,0.56,0.67,2023-2024
411,312,313,Rodrigo Muniz,BRA,FW,Fulham,22.0,2001.0,5.0,1.0,136.0,1.5,0.0,0.0,0.0,0.0,0.0,0.0,1.0,0.0,0.4,0.4,0.3,0.7,0.0,1.0,2.0,0.0,0.0,0.0,0.0,0.0,0.25,0.19,0.44,0.25,0.44,2023-2024
412,37,38,Ross Barkley,ENG,MF,Luton Town,30.0,1993.0,10.0,8.0,715.0,7.9,1.0,0.0,1.0,1.0,0.0,0.0,2.0,0.0,0.7,0.7,0.6,1.4,12.0,40.0,9.0,0.13,0.0,0.13,0.13,0.13,0.09,0.08,0.17,0.09,0.17,2023-2024
413,88,89,Ryan Christie,SCO,MF,Bournemouth,28.0,1995.0,15.0,14.0,1143.0,12.7,0.0,2.0,2.0,0.0,0.0,0.0,1.0,0.0,0.8,0.8,2.8,3.7,26.0,48.0,40.0,0.0,0.16,0.16,0.0,0.16,0.07,0.22,0.29,0.07,0.29,2023-2024
414,179,180,Ryan Gravenberch,NED,MF,Liverpool,21.0,2002.0,10.0,4.0,396.0,4.4,0.0,0.0,0.0,0.0,0.0,0.0,0.0,0.0,0.8,0.8,0.4,1.2,17.0,32.0,24.0,0.0,0.0,0.0,0.0,0.0,0.19,0.08,0.27,0.19,0.27,2023-2024
415,217,218,Ryan John Giles,ENG,DF,Luton Town,23.0,2000.0,8.0,3.0,304.0,3.4,0.0,0.0,0.0,0.0,0.0,0.0,0.0,0.0,0.1,0.1,0.2,0.3,7.0,10.0,25.0,0.0,0.0,0.0,0.0,0.0,0.02,0.06,0.08,0.02,0.08,2023-2024
416,339,340,Ryan One,SCO,MF,Sheffield Utd,17.0,2006.0,1.0,0.0,8.0,0.1,0.0,0.0,0.0,0.0,0.0,0.0,0.0,0.0,0.0,0.0,0.0,0.0,1.0,0.0,0.0,0.0,0.0,0.0,0.0,0.0,0.0,0.0,0.0,0.0,0.0,2023-2024
417,487,488,Ryan Yates,ENG,MF,Nott'ham Forest,26.0,1997.0,12.0,4.0,523.0,5.8,0.0,0.0,0.0,0.0,0.0,0.0,3.0,0.0,0.7,0.7,0.1,0.8,5.0,14.0,16.0,0.0,0.0,0.0,0.0,0.0,0.12,0.02,0.15,0.12,0.15,2023-2024
418,118,119,Ruben Dias,POR,DF,Manchester City,26.0,1997.0,13.0,12.0,1096.0,12.2,0.0,0.0,0.0,0.0,0.0,0.0,0.0,0.0,0.5,0.5,0.0,0.5,17.0,72.0,7.0,0.0,0.0,0.0,0.0,0.0,0.04,0.0,0.04,0.04,0.04,2023-2024
419,220,221,Sam Johnstone,ENG,GK,Crystal Palace,30.0,1993.0,15.0,15.0,1350.0,15.0,0.0,0.0,0.0,0.0,0.0,0.0,0.0,0.0,0.0,0.0,0.0,0.0,0.0,0.0,0.0,0.0,0.0,0.0,0.0,0.0,0.0,0.0,0.0,0.0,0.0,2023-2024
420,169,170,Saman Ghoddos,IRN,MF,Brentford,30.0,1993.0,10.0,3.0,338.0,3.8,1.0,0.0,1.0,1.0,0.0,0.0,3.0,0.0,0.2,0.2,0.5,0.7,9.0,17.0,9.0,0.27,0.0,0.27,0.27,0.27,0.06,0.13,0.19,0.06,0.19,2023-2024
421,49,50,Sander Berge,NOR,MF,Burnley,25.0,1998.0,15.0,12.0,1060.0,11.8,0.0,1.0,1.0,0.0,0.0,0.0,3.0,0.0,0.9,0.9,0.7,1.6,18.0,49.0,18.0,0.0,0.08,0.08,0.0,0.08,0.07,0.06,0.14,0.07,0.14,2023-2024
422,442,443,Sandro Tonali,ITA,MF,Newcastle Utd,23.0,2000.0,8.0,5.0,438.0,4.9,1.0,0.0,1.0,1.0,0.0,0.0,2.0,0.0,0.7,0.7,0.6,1.3,11.0,19.0,21.0,0.21,0.0,0.21,0.21,0.21,0.13,0.13,0.26,0.13,0.26,2023-2024
423,70,71,Santiago Bueno,URU,DF,Wolves,25.0,1998.0,1.0,1.0,90.0,1.0,0.0,0.0,0.0,0.0,0.0,0.0,0.0,0.0,0.0,0.0,0.0,0.0,0.0,0.0,0.0,0.0,0.0,0.0,0.0,0.0,0.0,0.0,0.0,0.0,0.0,2023-2024
424,228,229,Sasa Kalajdzic,AUT,FW,Wolves,26.0,1997.0,10.0,1.0,165.0,1.8,2.0,0.0,2.0,2.0,0.0,0.0,0.0,0.0,1.1,1.1,1.0,2.0,1.0,5.0,8.0,1.09,0.0,1.09,1.09,1.09,0.57,0.53,1.1,0.57,1.1,2023-2024
425,45,46,Said Benrahma,ALG,MF,West Ham,28.0,1995.0,10.0,4.0,464.0,5.2,0.0,1.0,1.0,0.0,0.0,0.0,1.0,0.0,0.6,0.6,1.4,1.9,25.0,20.0,60.0,0.0,0.19,0.19,0.0,0.19,0.11,0.26,0.37,0.11,0.37,2023-2024
426,263,264,Sasa Lukic,SRB,MF,Fulham,27.0,1996.0,9.0,4.0,365.0,4.1,0.0,0.0,0.0,0.0,0.0,0.0,1.0,0.0,0.7,0.7,0.1,0.8,3.0,13.0,5.0,0.0,0.0,0.0,0.0,0.0,0.16,0.02,0.19,0.16,0.19,2023-2024
427,290,291,Scott McKenna,SCO,DF,Nott'ham Forest,27.0,1996.0,5.0,5.0,416.0,4.6,0.0,0.0,0.0,0.0,0.0,0.0,0.0,0.0,0.2,0.2,0.2,0.4,1.0,10.0,0.0,0.0,0.0,0.0,0.0,0.0,0.05,0.04,0.08,0.05,0.08,2023-2024
428,292,293,Scott McTominay,SCO,MF,Manchester Utd,26.0,1996.0,12.0,9.0,789.0,8.8,5.0,0.0,5.0,5.0,0.0,0.0,0.0,0.0,2.9,2.9,0.0,3.0,10.0,23.0,21.0,0.57,0.0,0.57,0.57,0.57,0.33,0.01,0.34,0.33,0.34,2023-2024
429,260,261,Sean Longstaff,ENG,MF,Newcastle Utd,26.0,1997.0,12.0,8.0,812.0,9.0,2.0,1.0,3.0,2.0,0.0,0.0,4.0,0.0,1.5,1.5,0.9,2.4,6.0,48.0,32.0,0.22,0.11,0.33,0.22,0.33,0.16,0.1,0.27,0.16,0.27,2023-2024
430,28,29,Serge Aurier,CIV,DF,Nott'ham Forest,30.0,1992.0,12.0,10.0,833.0,9.3,0.0,2.0,2.0,0.0,0.0,0.0,2.0,0.0,0.2,0.2,0.5,0.6,10.0,47.0,29.0,0.0,0.22,0.22,0.0,0.22,0.02,0.05,0.07,0.02,0.07,2023-2024
431,177,178,Sergio Gomez,ESP,DF,Manchester City,23.0,2000.0,2.0,0.0,16.0,0.2,0.0,1.0,1.0,0.0,0.0,0.0,0.0,0.0,0.0,0.0,0.2,0.2,3.0,1.0,2.0,0.0,5.63,5.63,0.0,5.63,0.0,1.06,1.06,0.0,1.06,2023-2024
432,378,379,Sergio Reguilon,ESP,DF,Manchester Utd,26.0,1996.0,6.0,3.0,314.0,3.5,0.0,0.0,0.0,0.0,0.0,0.0,2.0,0.0,0.1,0.1,0.5,0.6,9.0,18.0,25.0,0.0,0.0,0.0,0.0,0.0,0.02,0.14,0.17,0.02,0.17,2023-2024
433,36,37,Shandon Baptiste,GRN,MF,Brentford,25.0,1998.0,4.0,1.0,127.0,1.4,1.0,0.0,1.0,1.0,0.0,0.0,0.0,0.0,0.7,0.7,0.1,0.8,0.0,0.0,0.0,0.71,0.0,0.71,0.71,0.71,0.5,0.07,0.56,0.5,0.56,2023-2024
434,4,5,Simon Adingra,CIV,MF,Brighton,21.0,2002.0,14.0,10.0,929.0,10.3,3.0,1.0,4.0,3.0,0.0,0.0,2.0,0.0,1.7,1.7,1.9,3.5,40.0,18.0,110.0,0.29,0.1,0.39,0.29,0.39,0.16,0.18,0.34,0.16,0.34,2023-2024
435,19,20,Sofyan Amrabat,MAR,MF,Manchester Utd,27.0,1996.0,8.0,5.0,433.0,4.8,0.0,0.0,0.0,0.0,0.0,0.0,2.0,0.0,0.1,0.1,0.2,0.2,5.0,41.0,4.0,0.0,0.0,0.0,0.0,0.0,0.01,0.04,0.05,0.01,0.05,2023-2024
436,272,273,Solly March,ENG,MF,Brighton,29.0,1994.0,7.0,7.0,554.0,6.2,3.0,1.0,4.0,3.0,0.0,0.0,1.0,0.0,2.0,2.0,1.0,2.9,14.0,24.0,44.0,0.49,0.16,0.65,0.49,0.65,0.32,0.16,0.47,0.32,0.47,2023-2024
437,196,197,Son Heung-min,KOR,MF,Tottenham,31.0,1992.0,14.0,14.0,1156.0,12.8,9.0,2.0,11.0,9.0,0.0,0.0,0.0,0.0,4.9,4.9,3.6,8.4,30.0,51.0,107.0,0.7,0.16,0.86,0.7,0.86,0.38,0.28,0.66,0.38,0.66,2023-2024
438,343,344,Stefan Ortega,GER,GK,Manchester City,31.0,1992.0,1.0,1.0,90.0,1.0,0.0,0.0,0.0,0.0,0.0,0.0,0.0,0.0,0.0,0.0,0.0,0.0,0.0,0.0,0.0,0.0,0.0,0.0,0.0,0.0,0.0,0.0,0.0,0.0,0.0,2023-2024
439,59,60,Sven Botman,NED,DF,Newcastle Utd,23.0,2000.0,5.0,5.0,446.0,5.0,1.0,1.0,2.0,1.0,0.0,0.0,1.0,0.0,0.3,0.3,0.7,1.0,0.0,9.0,2.0,0.2,0.2,0.4,0.2,0.4,0.06,0.14,0.2,0.06,0.2,2023-2024
440,87,88,Tahith Chong,NED,MF,Luton Town,24.0,1999.0,13.0,6.0,679.0,7.5,1.0,0.0,1.0,1.0,0.0,0.0,3.0,0.0,0.9,0.9,0.0,0.9,17.0,24.0,24.0,0.13,0.0,0.13,0.13,0.13,0.11,0.0,0.12,0.11,0.12,2023-2024
441,29,30,Taiwo Awoniyi,NGA,FW,Nott'ham Forest,26.0,1997.0,10.0,8.0,666.0,7.4,4.0,2.0,6.0,4.0,0.0,0.0,1.0,0.0,3.6,3.6,0.8,4.4,6.0,10.0,27.0,0.54,0.27,0.81,0.54,0.81,0.49,0.1,0.6,0.49,0.6,2023-2024
442,440,441,Takehiro Tomiyasu,JPN,DF,Arsenal,25.0,1998.0,12.0,5.0,589.0,6.5,1.0,1.0,2.0,1.0,0.0,0.0,2.0,1.0,0.5,0.5,0.2,0.7,10.0,49.0,20.0,0.15,0.15,0.31,0.15,0.31,0.08,0.03,0.11,0.08,0.11,2023-2024
443,247,248,Tariq Lamptey,GHA,DF,Brighton,23.0,2000.0,5.0,2.0,173.0,1.9,0.0,2.0,2.0,0.0,0.0,0.0,2.0,0.0,0.0,0.0,0.4,0.4,12.0,7.0,10.0,0.0,1.04,1.04,0.0,1.04,0.01,0.2,0.21,0.01,0.21,2023-2024
444,295,296,Teden Mengi,ENG,DF,Luton Town,21.0,2002.0,10.0,8.0,772.0,8.6,1.0,0.0,1.0,1.0,0.0,0.0,0.0,0.0,0.2,0.2,0.0,0.2,3.0,17.0,0.0,0.12,0.0,0.12,0.12,0.12,0.02,0.0,0.02,0.02,0.02,2023-2024
445,416,417,Thiago Silva,BRA,DF,Chelsea,39.0,1984.0,15.0,15.0,1350.0,15.0,1.0,0.0,1.0,1.0,0.0,0.0,2.0,0.0,0.3,0.3,0.3,0.5,1.0,44.0,2.0,0.07,0.0,0.07,0.07,0.07,0.02,0.02,0.04,0.02,0.04,2023-2024
446,232,233,Thilo Kehrer,GER,DF,West Ham,27.0,1996.0,3.0,0.0,21.0,0.2,0.0,0.0,0.0,0.0,0.0,0.0,1.0,0.0,0.0,0.0,0.0,0.0,0.0,0.0,1.0,0.0,0.0,0.0,0.0,0.0,0.0,0.0,0.0,0.0,0.0,2023-2024
447,78,79,Thomas Cannon,IRL,FW,Everton,20.0,2002.0,1.0,0.0,1.0,0.0,0.0,0.0,0.0,0.0,0.0,0.0,0.0,0.0,0.0,0.0,0.0,0.0,0.0,0.0,0.0,0.0,0.0,0.0,0.0,0.0,0.0,0.0,0.0,0.0,0.0,2023-2024
448,230,231,Thomas Kaminski,BEL,GK,Luton Town,31.0,1992.0,15.0,15.0,1350.0,15.0,0.0,0.0,0.0,0.0,0.0,0.0,3.0,0.0,0.0,0.0,0.0,0.0,0.0,0.0,0.0,0.0,0.0,0.0,0.0,0.0,0.0,0.0,0.0,0.0,0.0,2023-2024
449,355,356,Thomas Partey,GHA,MF,Arsenal,30.0,1993.0,4.0,3.0,251.0,2.8,0.0,0.0,0.0,0.0,0.0,0.0,0.0,0.0,0.1,0.1,0.1,0.2,10.0,33.0,4.0,0.0,0.0,0.0,0.0,0.0,0.03,0.04,0.06,0.03,0.06,2023-2024
450,428,429,Thomas Strakosha,ALB,GK,Brentford,28.0,1995.0,2.0,1.0,135.0,1.5,0.0,0.0,0.0,0.0,0.0,0.0,0.0,0.0,0.0,0.0,0.0,0.0,0.0,0.0,0.0,0.0,0.0,0.0,0.0,0.0,0.0,0.0,0.0,0.0,0.0,2023-2024
451,375,376,Tim Ream,USA,DF,Fulham,36.0,1987.0,13.0,13.0,1143.0,12.7,1.0,0.0,1.0,1.0,0.0,0.0,4.0,1.0,1.0,1.0,0.0,1.0,11.0,56.0,3.0,0.08,0.0,0.08,0.08,0.08,0.08,0.0,0.08,0.08,0.08,2023-2024
452,82,83,Timothy Castagne,BEL,DF,Fulham,28.0,1995.0,12.0,10.0,934.0,10.4,0.0,0.0,0.0,0.0,0.0,0.0,1.0,0.0,0.2,0.2,0.6,0.7,20.0,43.0,53.0,0.0,0.0,0.0,0.0,0.0,0.02,0.05,0.07,0.02,0.07,2023-2024
453,76,77,Tom Cairney,SCO,MF,Fulham,32.0,1991.0,13.0,4.0,396.0,4.4,1.0,1.0,2.0,1.0,0.0,0.0,0.0,0.0,0.6,0.6,0.9,1.4,6.0,42.0,15.0,0.23,0.23,0.45,0.23,0.45,0.13,0.2,0.32,0.13,0.32,2023-2024
454,111,112,Tom Davies,ENG,MF,Sheffield Utd,25.0,1998.0,3.0,0.0,60.0,0.7,0.0,0.0,0.0,0.0,0.0,0.0,1.0,0.0,0.1,0.1,0.1,0.2,3.0,4.0,1.0,0.0,0.0,0.0,0.0,0.0,0.14,0.11,0.25,0.14,0.25,2023-2024
455,259,260,Tom Lockyer,WAL,DF,Luton Town,29.0,1994.0,13.0,13.0,1080.0,12.0,1.0,1.0,2.0,1.0,0.0,0.0,4.0,0.0,1.1,1.1,0.6,1.7,6.0,35.0,2.0,0.08,0.08,0.17,0.08,0.17,0.09,0.05,0.14,0.09,0.14,2023-2024
456,134,135,Tommy Doyle,ENG,MF,Wolves,22.0,2001.0,8.0,2.0,267.0,3.0,0.0,0.0,0.0,0.0,0.0,0.0,1.0,0.0,0.1,0.1,0.2,0.3,5.0,18.0,5.0,0.0,0.0,0.0,0.0,0.0,0.02,0.07,0.09,0.02,0.09,2023-2024
457,423,424,Tomas Soucek,CZE,MF,West Ham,28.0,1995.0,13.0,12.0,986.0,11.0,4.0,1.0,5.0,4.0,0.0,0.0,2.0,0.0,3.7,3.7,0.6,4.3,4.0,32.0,17.0,0.37,0.09,0.46,0.37,0.46,0.34,0.06,0.4,0.34,0.4,2023-2024
458,2,3,Tosin Adarabioyo,ENG,DF,Fulham,26.0,1997.0,3.0,1.0,93.0,1.0,0.0,0.0,0.0,0.0,0.0,0.0,0.0,0.0,0.0,0.0,0.0,0.0,0.0,6.0,0.0,0.0,0.0,0.0,0.0,0.0,0.0,0.0,0.0,0.0,0.0,2023-2024
459,175,176,Toti Gomes,POR,DF,Wolves,24.0,1999.0,12.0,9.0,855.0,9.5,0.0,1.0,1.0,0.0,0.0,0.0,0.0,0.0,0.3,0.3,0.3,0.7,7.0,29.0,0.0,0.0,0.11,0.11,0.0,0.11,0.03,0.04,0.07,0.03,0.07,2023-2024
460,13,14,Trent Alexander-Arnold,ENG,DF,Liverpool,25.0,1998.0,13.0,12.0,1047.0,11.6,2.0,2.0,4.0,2.0,0.0,0.0,3.0,0.0,0.8,0.8,3.6,4.4,26.0,89.0,39.0,0.17,0.17,0.34,0.17,0.34,0.07,0.31,0.37,0.07,0.37,2023-2024
461,340,341,Tyler Onyango,ENG,MF,Everton,20.0,2003.0,1.0,0.0,1.0,0.0,0.0,0.0,0.0,0.0,0.0,0.0,0.0,0.0,0.0,0.0,0.0,0.0,0.0,0.0,0.0,0.0,0.0,0.0,0.0,0.0,0.0,0.0,0.0,0.0,0.0,2023-2024
462,300,301,Tyrick Mitchell,ENG,DF,Crystal Palace,24.0,1999.0,15.0,15.0,1267.0,14.1,1.0,1.0,2.0,1.0,0.0,0.0,2.0,0.0,0.5,0.5,0.9,1.4,9.0,41.0,62.0,0.07,0.07,0.14,0.07,0.14,0.03,0.07,0.1,0.03,0.1,2023-2024
463,299,300,Tyrone Mings,ENG,DF,Aston Villa,30.0,1993.0,1.0,1.0,30.0,0.3,0.0,0.0,0.0,0.0,0.0,0.0,0.0,0.0,0.0,0.0,0.0,0.0,0.0,0.0,0.0,0.0,0.0,0.0,0.0,0.0,0.02,0.07,0.09,0.02,0.09,2023-2024
464,257,258,Valentino Livramento,ENG,DF,Newcastle Utd,21.0,2002.0,8.0,2.0,319.0,3.5,0.0,0.0,0.0,0.0,0.0,0.0,1.0,0.0,0.0,0.0,0.1,0.1,11.0,13.0,18.0,0.0,0.0,0.0,0.0,0.0,0.0,0.03,0.03,0.0,0.03,2023-2024
465,256,257,Victor Lindelof,SWE,DF,Manchester Utd,29.0,1994.0,12.0,10.0,897.0,10.0,1.0,1.0,2.0,1.0,0.0,0.0,1.0,0.0,0.2,0.2,0.3,0.5,13.0,27.0,9.0,0.1,0.1,0.2,0.1,0.2,0.02,0.03,0.05,0.02,0.05,2023-2024
466,424,425,Vinicius Souza,BRA,MF,Sheffield Utd,24.0,1999.0,14.0,13.0,1059.0,11.8,0.0,0.0,0.0,0.0,0.0,0.0,2.0,0.0,0.2,0.2,0.0,0.2,4.0,30.0,11.0,0.0,0.0,0.0,0.0,0.0,0.01,0.0,0.02,0.01,0.02,2023-2024
467,457,458,Virgil van Dijk,NED,DF,Liverpool,32.0,1991.0,13.0,13.0,1107.0,12.3,1.0,2.0,3.0,1.0,0.0,0.0,1.0,1.0,1.3,1.3,1.0,2.2,9.0,60.0,2.0,0.08,0.16,0.24,0.08,0.24,0.1,0.08,0.18,0.1,0.18,2023-2024
468,316,317,Vitaliy Mykolenko,UKR,DF,Everton,24.0,1999.0,10.0,10.0,897.0,10.0,2.0,0.0,2.0,2.0,0.0,0.0,1.0,0.0,1.1,1.1,0.3,1.4,4.0,19.0,21.0,0.2,0.0,0.2,0.2,0.2,0.11,0.03,0.14,0.11,0.14,2023-2024
469,211,212,Vitaly Janelt,GER,MF,Brentford,25.0,1998.0,15.0,15.0,1197.0,13.3,0.0,1.0,1.0,0.0,0.0,0.0,2.0,0.0,0.6,0.6,2.5,3.1,9.0,53.0,45.0,0.0,0.08,0.08,0.0,0.08,0.04,0.19,0.23,0.04,0.23,2023-2024
470,466,467,Vitinho,BRA,DF,Burnley,24.0,1999.0,9.0,8.0,689.0,7.7,0.0,0.0,0.0,0.0,0.0,0.0,0.0,0.0,0.3,0.3,0.1,0.4,22.0,24.0,31.0,0.0,0.0,0.0,0.0,0.0,0.04,0.02,0.05,0.04,0.05,2023-2024
471,97,98,Vladimir Coufal,CZE,DF,West Ham,31.0,1992.0,14.0,14.0,1256.0,14.0,0.0,5.0,5.0,0.0,0.0,0.0,3.0,0.0,0.0,0.0,1.5,1.5,38.0,60.0,53.0,0.0,0.36,0.36,0.0,0.36,0.0,0.1,0.11,0.0,0.11,2023-2024
472,147,148,Wataru Endo,JPN,MF,Liverpool,30.0,1993.0,10.0,3.0,315.0,3.5,1.0,0.0,1.0,1.0,0.0,0.0,2.0,0.0,0.1,0.1,0.0,0.2,3.0,15.0,2.0,0.29,0.0,0.29,0.29,0.29,0.04,0.01,0.05,0.04,0.05,2023-2024
473,160,161,Wes Foderingham,ENG,GK,Sheffield Utd,32.0,1991.0,15.0,15.0,1350.0,15.0,0.0,0.0,0.0,0.0,0.0,0.0,1.0,0.0,0.0,0.0,0.0,0.0,0.0,0.0,0.0,0.0,0.0,0.0,0.0,0.0,0.0,0.0,0.0,0.0,0.0,2023-2024
474,201,202,Will Hughes,ENG,MF,Crystal Palace,28.0,1995.0,12.0,9.0,817.0,9.1,0.0,0.0,0.0,0.0,0.0,0.0,2.0,0.0,0.2,0.2,0.5,0.7,6.0,33.0,5.0,0.0,0.0,0.0,0.0,0.0,0.02,0.06,0.08,0.02,0.08,2023-2024
475,346,347,William Osula,DEN,FW,Sheffield Utd,20.0,2003.0,7.0,4.0,363.0,4.0,0.0,0.0,0.0,0.0,0.0,0.0,3.0,0.0,0.6,0.6,0.1,0.7,4.0,2.0,20.0,0.0,0.0,0.0,0.0,0.0,0.16,0.02,0.17,0.16,0.17,2023-2024
476,398,399,William Saliba,FRA,DF,Arsenal,22.0,2001.0,15.0,15.0,1350.0,15.0,1.0,1.0,2.0,1.0,0.0,0.0,1.0,0.0,0.7,0.7,0.1,0.8,5.0,61.0,2.0,0.07,0.07,0.13,0.07,0.13,0.05,0.01,0.05,0.05,0.05,2023-2024
477,478,479,Willian,BRA,MF,Fulham,35.0,1988.0,14.0,11.0,956.0,10.6,3.0,1.0,4.0,1.0,2.0,2.0,1.0,0.0,3.0,1.4,1.3,2.7,43.0,64.0,88.0,0.28,0.09,0.38,0.09,0.19,0.28,0.12,0.41,0.13,0.26,2023-2024
478,58,59,Willy Boly,CIV,DF,Nott'ham Forest,32.0,1991.0,11.0,10.0,813.0,9.0,1.0,0.0,1.0,1.0,0.0,0.0,1.0,0.0,1.1,1.1,0.9,1.9,2.0,17.0,1.0,0.11,0.0,0.11,0.11,0.11,0.12,0.09,0.21,0.12,0.21,2023-2024
479,331,332,Wilson Odobert,FRA,MF,Burnley,19.0,2004.0,6.0,2.0,164.0,1.8,1.0,0.0,1.0,1.0,0.0,0.0,1.0,0.0,0.3,0.3,0.5,0.8,11.0,2.0,16.0,0.55,0.0,0.55,0.55,0.55,0.14,0.27,0.42,0.14,0.42,2023-2024
480,249,250,Yasser Larouci,ALG,DF,Sheffield Utd,22.0,2001.0,5.0,1.0,222.0,2.5,0.0,0.0,0.0,0.0,0.0,0.0,0.0,0.0,0.2,0.2,0.0,0.2,8.0,5.0,3.0,0.0,0.0,0.0,0.0,0.0,0.07,0.0,0.07,0.07,0.07,2023-2024
481,486,487,Yehor Yarmoliuk,UKR,MF,Brentford,19.0,2004.0,7.0,3.0,246.0,2.7,0.0,0.0,0.0,0.0,0.0,0.0,0.0,0.0,0.0,0.0,0.0,0.0,0.0,0.0,0.0,0.0,0.0,0.0,0.0,0.0,0.0,0.0,0.0,0.0,0.0,2023-2024
482,482,483,Yoane Wissa,COD,FW,Brentford,27.0,1996.0,15.0,14.0,1204.0,13.4,3.0,1.0,4.0,3.0,0.0,0.0,2.0,0.0,5.2,5.2,1.4,6.6,24.0,18.0,70.0,0.22,0.07,0.3,0.22,0.3,0.39,0.1,0.49,0.39,0.49,2023-2024
483,437,438,Youri Tielemans,BEL,MF,Aston Villa,26.0,1997.0,15.0,3.0,509.0,5.7,0.0,3.0,3.0,0.0,0.0,0.0,0.0,0.0,0.2,0.2,1.2,1.4,12.0,50.0,24.0,0.0,0.53,0.53,0.0,0.53,0.04,0.21,0.25,0.04,0.25,2023-2024
484,85,86,Youssef Chermiti,POR,FW,Everton,19.0,2004.0,7.0,0.0,52.0,0.6,0.0,0.0,0.0,0.0,0.0,0.0,1.0,0.0,0.2,0.2,0.4,0.6,0.0,1.0,7.0,0.0,0.0,0.0,0.0,0.0,0.39,0.71,1.09,0.39,1.09,2023-2024
485,54,55,Yves Bissouma,MLI,MF,Tottenham,27.0,1996.0,12.0,12.0,970.0,10.8,0.0,0.0,0.0,0.0,0.0,0.0,7.0,1.0,0.9,0.9,0.3,1.2,27.0,68.0,5.0,0.0,0.0,0.0,0.0,0.0,0.09,0.02,0.11,0.09,0.11,2023-2024
486,18,19,Zeki Amdouni,SUI,FW,Burnley,23.0,2000.0,14.0,14.0,976.0,10.8,2.0,1.0,3.0,2.0,0.0,0.0,1.0,0.0,2.4,2.4,0.6,3.0,32.0,22.0,44.0,0.18,0.09,0.28,0.18,0.28,0.22,0.06,0.28,0.22,0.28,2023-2024
487,307,308,Alex Moreno,ESP,MF,Aston Villa,30.0,1993.0,2.0,0.0,18.0,0.2,0.0,0.0,0.0,0.0,0.0,0.0,0.0,0.0,0.0,0.0,0.0,0.0,0.0,0.0,2.0,0.0,0.0,0.0,0.0,0.0,0.0,0.0,0.0,0.0,0.0,2023-2024
